perfil_canal,nome_canal,inscritos,pais,avg_views,avg_likes,avg_comments
tseries,T-Series,212100000,India,323700.0,9800.0,290.0
checkgate,Cocomelon - Nursery Rhymes,132100000,,13800000.0,80900.0,0.0
setindia,SET India,130400000,India,23600.0,314.0,21.0
PewDiePie,PewDiePie,111400000,United States,1400000.0,80800.0,4600.0
MrBeast6000,MrBeast,92500000,United States,30600000.0,1700000.0,67700.0
✿ Kids Diana Show,✿ Kids Diana Show,92400000,,10600000.0,46800.0,0.0
Like Nastya,Like Nastya,90100000,,13700000.0,74200.0,0.0
WWEFanNation,WWE,86900000,United States,76600.0,2800.0,163.0
zeemusiccompany,Zee Music Company,82700000,India,108700.0,4200.0,155.0
Vlad and Niki,Vlad and Niki,80400000,,7000000.0,42200.0,0.0
5-Minute Crafts,5-Minute Crafts,76200000,United States,255600.0,2100.0,68.0
kidrauhl,Justin Bieber,68100000,United States,2700000.0,162700.0,7900.0
GoldminesTelefilms,Goldmines,67900000,India,107100.0,1000.0,39.0
CanalKondZilla,Canal KondZilla,65500000,Brazil,36800.0,2300.0,153.0
BANGTANTV,BANGTANTV,65000000,United States,2800000.0,598900.0,14200.0
sabtv,Sony SAB,64900000,India,46500.0,899.0,27.0
ibighit,HYBE LABELS,64700000,United States,401700.0,62300.0,2600.0
zeetv,Zee TV,61500000,India,146200.0,1800.0,17.0
filmigaane,Shemaroo Filmi Gaane,59200000,India,64500.0,631.0,33.0
corycotton,Dude Perfect,57400000,United States,10300000.0,375700.0,9100.0
SmartBooksMedia,Pinkfong Baby Shark - Kids' Songs & Stories,56600000,,412000.0,1400.0,0.0
ChuChu TV Nursery Rhymes & Kids Songs,ChuChu TV Nursery Rhymes & Kids Songs,55200000,,498700.0,5400.0,0.0
Marshmello,Marshmello,55000000,United States,636000.0,47400.0,4900.0
BHOJPURIWAVE,Wave Music,51500000,India,85800.0,1400.0,155.0
colorstv,Colors TV,51200000,India,20200.0,290.0,8.0
aajtaktv,Aaj Tak,50900000,India,8900.0,128.0,10.0
sonymusicindiaSME,Sony Music India,50300000,India,60200.0,2600.0,75.0
tipsmusic,Tips Official,49900000,India,230800.0,1800.0,85.0
ReinoMariaElenaWalsh,El Reino Infantil,48900000,,254400.0,1000.0,0.0
LooLooKids,LooLoo Kids - Nursery Rhymes and Children's Songs,48700000,,1700000.0,7400.0,0.0
tseriesbhakti,T-Series Bhakti Sagar,48300000,India,26400.0,1200.0,73.0
Badabun,Badabun,45500000,Mexico,4900.0,129.0,14.0
JuegaGerman,JuegaGerman,45500000,Mexico,1400000.0,140700.0,4800.0
yrf,YRF,45300000,India,184200.0,5500.0,104.0
Billie Eilish,Billie Eilish,45100000,United States,1300000.0,149700.0,7200.0
felipeneto,Felipe Neto,44000000,Brazil,280600.0,34000.0,245.0
whinderssonnunes,whinderssonnunes,43800000,Brazil,140800.0,17000.0,145.0
BRIGHT SIDE,BRIGHT SIDE,43200000,United States,79700.0,1900.0,137.0
KatyPerryMusic,Katy Perry,42600000,United States,151600.0,10700.0,824.0
vcsabiavideos,Você Sabia?,42600000,Brazil,987200.0,129000.0,2700.0
infobellshindirhymes,Infobells - Hindi,42600000,India,883300.0,4700.0,0.0
DjWalkzz,Alan Walker,41600000,United States,146700.0,12900.0,378.0
sonymusicindiaVEVO,SonyMusicIndiaVEVO,41200000,India,2300.0,136.0,19.0
Like Nastya Show,Like Nastya Show,40800000,,723900.0,3500.0,0.0
speedrecordss,Speed Records,40000000,India,42300.0,1800.0,79.0
A4,A4,39000000,Russia,12300000.0,650500.0,43900.0
ABSCBNOnline,ABS-CBN Entertainment,38800000,Philippines,1700.0,26.0,1.0
getmovies,Get Movies,38700000,,542400.0,3000.0,0.0
LuisitoComunicaa,Luisito Comunica,38400000,Mexico,2400000.0,74600.0,3300.0
LittleBabyBum,Little Baby Bum - Nursery Rhymes & Kids Songs,38400000,,489400.0,1600.0,0.0
TheEllenShow,TheEllenShow,38200000,United States,42100.0,944.0,54.0
MashaMedvedTV,Маша и Медведь,37400000,,1200000.0,7800.0,0.0
gr6explode,GR6 EXPLODE,37200000,Brazil,179600.0,11400.0,190.0
luccasneto,LUCCAS NETO - LUCCAS TOON,37100000,Brazil,625700.0,13300.0,0.0
venus,Ishtar Music,36500000,India,67800.0,790.0,59.0
Kimberly Loaiza,Kimberly Loaiza,36000000,Mexico,9200000.0,646500.0,42300.0
ShemarooEnt,Shemaroo,35800000,India,103600.0,604.0,18.0
DaddyYankeeOFFTV,Daddy Yankee,35800000,Argentina,1700000.0,174600.0,15800.0
Voot Kids,Voot Kids,35800000,India,2400000.0,17200.0,0.0
WorkpointOfficial,WorkpointOfficial,35600000,Thailand,10100.0,139.0,7.0
Toys and Colors,Toys and Colors,35100000,,1100000.0,2900.0,0.0
shfa,shfa,34900000,France,3600000.0,52400.0,0.0
shfa2 - شفا,shfa2 - شفا,34500000,,632100.0,4500.0,0.0
SuperSimpleSongs,Super Simple Songs - Kids Songs,33700000,,1700000.0,3700.0,0.0
Jkk Entertainment,Jkk Entertainment,33700000,India,11300000.0,103300.0,1400.0
JbalvinTube,J Balvin,33299999,Colombia,0.0,0.0,0.0
gmmonetv,one31,33299999,Thailand,7000.0,133.0,4.0
vegetta777,VEGETTA777,32900000,Mexico,394200.0,31700.0,256.0
Masha and The Bear,Masha and The Bear,32799999,,1200000.0,7500.0,0.0
YouTube,YouTube,32799999,United States,41500.0,2000.0,0.0
Goldmines Gaane Sune Ansune,Goldmines Gaane Sune Ansune,32700000,India,65700.0,515.0,22.0
markiplierGAME,Markiplier,32500000,United States,3000000.0,165300.0,6000.0
Like Nastya ESP,Like Nastya ESP,32299999,,418400.0,1700.0,0.0
Ryan's World,Ryan's World,32100000,,975200.0,4400.0,0.0
abpnewstv,ABP NEWS,32100000,India,2600.0,35.0,3.0
NoCopyrightSounds,NoCopyrightSounds,32100000,United States,535500.0,19700.0,1200.0
Desi Music Factory,Desi Music Factory,32100000,India,10800000.0,396400.0,143600.0
Geet MP3,Geet MP3,31900000,India,381400.0,25800.0,1000.0
Total Gaming,Total Gaming,31700000,India,1400000.0,140000.0,6800.0
Maria Clara & JP,Maria Clara & JP,31500000,,2800000.0,22100.0,0.0
UltraHindi,Ultra Bollywood,31500000,India,88100.0,570.0,24.0
tseriesapnapunjab,T-Series Apna Punjab,31300000,India,34300.0,1400.0,64.0
SSSniperWolf,SSSniperWolf,31000000,United States,4900000.0,141900.0,7300.0
Mikecrack,Mikecrack,30900000,Mexico,3800000.0,277400.0,9600.0
GENIAL,GENIAL,30900000,Mexico,74300.0,2400.0,83.0
KHANDESHI MOVIES,KHANDESHI MOVIES,30900000,India,7500000.0,65800.0,931.0
tv3official,Ch3Thailand,30700000,Thailand,120500.0,1400.0,33.0
Luis Fonsi,Luis Fonsi,30500000,United States,37000.0,2700.0,131.0
sonypalindia,Sony PAL,30500000,India,12200.0,220.0,17.0
AllTrapNation,Trap Nation,30500000,United States,129300.0,4700.0,136.0
IndiaTV,IndiaTV,30500000,India,13600.0,219.0,11.0
cancionesdelagranja,La Granja de Zenón,30400000,,623300.0,3100.0,0.0
erosentertainment,Eros Now Music,30300000,India,64099.0,1000.0,31.0
SMTOWN,SMTOWN,30200000,United States,478000.0,54700.0,3200.0
MrBean,Mr Bean,30100000,India,73200.0,2200.0,69.0
juptube,Galinha Pintadinha,29700000,,10600000.0,43200.0,0.0
Ricis Official,Ricis Official,29700000,Indonesia,782000.0,51600.0,1800.0
rezendeevil,rezendeevil,29700000,Brazil,230700.0,28700.0,463.0
AH,AH,29600000,Indonesia,1400000.0,81100.0,4400.0
SpinninRec,Spinnin' Records,29500000,United States,70300.0,2500.0,71.0
latenight,The Tonight Show Starring Jimmy Fallon,29300000,United States,88800.0,2200.0,121.0
tseriesoldisgold,Bollywood Classics,28900000,India,44400.0,530.0,39.0
rajshri,Rajshri,28800000,India,15400.0,109.0,6.0
harpalgeo,HAR PAL GEO,28600000,Pakistan,7300.0,67.0,4.0
DisneyMusicVEVO,DisneyMusicVEVO,28500000,United States,2500000.0,63200.0,2000.0
UltraRecords,Ultra Music,28300000,United States,30600.0,1200.0,48.0
jacksepticeye,jacksepticeye,28200000,United States,1900000.0,127600.0,5200.0
BabyBus - Kids Songs and Cartoons,BabyBus - Kids Songs and Cartoons,28100000,,1100000.0,4700.0,0.0
xoxxxoooxo,The Weeknd,27700000,United States,355600.0,25300.0,1100.0
TheLateLateShow,The Late Late Show with James Corden,27500000,United States,78100.0,1600.0,112.0
ImagineDragons,ImagineDragons,27500000,United States,1600000.0,95800.0,3600.0
TalkingTomCat,Talking Tom,27400000,United States,1200000.0,3000.0,0.0
toyoraljanahtv,قناة طيور الجنة | toyoraljanahtv,27300000,,143700.0,0.0,0.0
theofficialpeppa,Peppa Pig - Official Channel,26900000,,2000000.0,9000.0,0.0
Little Angel: Nursery Rhymes & Kids Songs,Little Angel: Nursery Rhymes & Kids Songs,26900000,,1100000.0,5100.0,0.0
ARY Digital,ARY Digital,26900000,Pakistan,15100.0,143.0,5.0
WWRBhojpuri,Worldwide Records Bhojpuri,26700000,India,119600.0,1700.0,129.0
SongsOfIndianCinema,Saregama Music,26600000,India,31600.0,906.0,79.0
MrBeast Gaming,MrBeast Gaming,26500000,United States,23300000.0,732000.0,44000.0
Wow Kidz,Wow Kidz,26500000,,468200.0,4300.0,0.0
TheDonato,TheDonato,26500000,Mexico,488100.0,56500.0,240.0
GMANETWORK,GMANetwork,26400000,Philippines,10000.0,249.0,12.0
infobellstamil,infobells - Tamil,26200000,,215000.0,1200.0,0.0
TheDiamondMinecart,DanTDM,26100000,United States,1300000.0,59500.0,3700.0
taylorgangent,Wiz Khalifa,26000000,United States,0.0,0.0,0.0
Bounce Patrol - Kids Songs,Bounce Patrol - Kids Songs,25800000,,2800000.0,7800.0,0.0
WorldStarHipHopTV,WORLDSTARHIPHOP,25800000,United States,72700.0,2400.0,267.0
VanossGaming,VanossGaming,25600000,United States,1200000.0,57500.0,624.0
enchufetv,enchufetv,25600000,Ecuador,960600.0,99900.0,235.0
infobellstelugu,infobells - Telugu,25600000,,165500.0,825.0,0.0
LosPolinesios,LosPolinesios,25400000,Mexico,620900.0,45600.0,997.0
PowerKids,PowerKids,25300000,India,18900.0,0.0,0.0
Techno Gamerz,Techno Gamerz,25200000,India,5000000.0,332900.0,25800.0
1MILLION Dance Studio,1MILLION Dance Studio,25200000,India,72100.0,3800.0,57.0
toycantando,toycantando,25000000,,376800.0,2300.0,0.0
smosh,Smosh,25000000,United States,193400.0,10800.0,382.0
xSkyHeLLxx,Renato Garcia,24800000,Brazil,1000000.0,112200.0,1500.0
AboFlah,AboFlah,24700000,Iraq,0.0,0.0,0.0
zeenews,Zee News,24500000,India,78300.0,1300.0,80.0
Diana and Roma ESP,Diana and Roma ESP,24500000,,982600.0,4400.0,0.0
WatchMojo,WatchMojo.com,24400000,United States,77700.0,2300.0,231.0
Super JoJo - Nursery Rhymes & Kids Songs,Super JoJo - Nursery Rhymes & Kids Songs,24400000,,1500000.0,7500.0,0.0
Genevieve's Playhouse - Learning Videos for Kids,Genevieve's Playhouse - Learning Videos for Kids,24400000,,236400.0,410.0,0.0
Jess No Limit,Jess No Limit,24400000,Indonesia,363200.0,15400.0,1100.0
TwiNboTzVids,Lucas and Marcus,24400000,United States,472400.0,20300.0,749.0
MR. INDIAN HACKER,MR. INDIAN HACKER,24300000,India,5300000.0,587700.0,18900.0
jypentertainment,JYP Entertainment,24200000,United States,2300000.0,455200.0,18400.0
Las Ratitas,Las Ratitas,24200000,,580700.0,15500.0,0.0
James Charles,James Charles,24200000,United States,1000000.0,54800.0,2200.0
davidguettavevo,David Guetta,24000000,Brazil,267400.0,8700.0,358.0
nickelodeonjuniorfr,Nick Jr.,24000000,,148700.0,361.0,0.0
व्लाद और निकिता,व्लाद और निकिता,23800000,,2200000.0,14000.0,0.0
ZHC,ZHC,23800000,United States,5200000.0,195600.0,8900.0
adityamusic,Aditya Music,23600000,India,49000.0,1200.0,36.0
Logan Paul,Logan Paul,23400000,United States,4300000.0,76200.0,3900.0
Rans Entertainment,Rans Entertainment,23400000,Indonesia,755700.0,22900.0,675.0
NewOnNetflix,Netflix,23200000,United States,265200.0,5000.0,325.0
Chloe Ting,Chloe Ting,23200000,United States,375700.0,17300.0,783.0
Troom Troom,Troom Troom,23000000,United States,339200.0,3700.0,107.0
Masha y el Oso,Masha y el Oso,23000000,,891300.0,5800.0,0.0
Raffy Tulfo in Action,Raffy Tulfo in Action,23000000,Philippines,399400.0,5800.0,773.0
SesameStreet,Sesame Street,22800000,,237400.0,790.0,0.0
JellyYT,Jelly,22800000,United States,260000.0,13200.0,450.0
ColdplayVEVO,Coldplay,22800000,United States,66200.0,6900.0,188.0
Diana and Roma HIN,Diana and Roma HIN,22600000,,251100.0,1600.0,0.0
Mister Max,Mister Max,22600000,Russia,988200.0,22400.0,879.0
mildicasdemulher,Erlania e Valentina Pontes,22500000,Brazil,300100.0,5000.0,0.0
Vlad và Nikita,Vlad và Nikita,22400000,,1300000.0,6700.0,0.0
DrossRotzank,DrossRotzank,22400000,Mexico,2100000.0,151600.0,8100.0
Sandeep Maheshwari,Sandeep Maheshwari,22400000,India,652600.0,38800.0,2300.0
ABP NEWS HINDI,ABP NEWS HINDI,22300000,India,2000.0,25.0,6.0
adityacinema,Aditya Movies,22300000,India,113600.0,3300.0,130.0
Goldmines Dishoom,Goldmines Dishoom,22200000,,28500.0,292.0,0.0
THECHAINSMOKERS,The Chainsmokers,22200000,United States,62400.0,6200.0,97.0
netdmuzikk,netd müzik,22000000,Turkey,15500.0,355.0,59.0
Technical Guruji,Technical Guruji,22000000,India,111400.0,9800.0,847.0
Smile Family,Smile Family,21800000,,142100.0,756.0,0.0
gmmgrammyofficial,GMM GRAMMY OFFICIAL,21700000,Thailand,2400.0,53.0,2.0
Anuel AA,Anuel AA,21600000,Colombia,104200.0,7400.0,373.0
mmoshaya,mmoshaya,21600000,Saudi Arabia,1800000.0,35700.0,1700.0
Miss Katy,Miss Katy,21400000,Russia,604800.0,11200.0,626.0
VenusMovies,Venus Movies,21400000,India,6300.0,64.0,8.0
Like Nastya AE,Like Nastya AE,21400000,,740500.0,5000.0,0.0
Frost Diamond,Frost Diamond,21200000,Indonesia,395100.0,21300.0,1200.0
Tasty,Tasty,21000000,United States,251500.0,7900.0,239.0
WHBBP,White Hill Music,21000000,India,23200.0,1200.0,89.0
TEDtalksDirector,TED,21000000,United States,32700.0,919.0,72.0
WB Kids,WB Kids,21000000,,68000.0,659.0,0.0
oRugrat,FaZe Rug,20800000,United States,2500000.0,105900.0,5900.0
5-Minute Crafts DIY,5-Minute Crafts DIY,20800000,India,53400.0,648.0,18.0
AmericasGotTalent,America's Got Talent,20800000,United States,284300.0,5500.0,176.0
CanalCanalha,CanalCanalha,20700000,Brazil,1100000.0,127400.0,2100.0
hamaarbhojiwood,Wave Music Bhojpuri,20600000,India,8800.0,139.0,30.0
PeppaLatinoAmericano,Peppa Pig Español Latino - Canal Oficial,20600000,,734600.0,5700.0,0.0
shemaroomovies,Shemaroo Movies,20600000,India,21800.0,264.0,14.0
BabyBus - Canciones Infantiles & Cuentos,BabyBus - Canciones Infantiles & Cuentos,20600000,,330900.0,1900.0,0.0
Goldmines Bollywood,Goldmines Bollywood,20600000,India,32600.0,173.0,9.0
Diana and Roma ARA,Diana and Roma ARA,20600000,,1800000.0,12800.0,0.0
The Lallantop,The Lallantop,20500000,India,12900.0,313.0,50.0
FGTeeV,FGTeeV,20400000,United States,2100000.0,23500.0,2100.0
BuzzFeedVideo,BuzzFeedVideo,20400000,United States,56000.0,1400.0,148.0
Baim Paula,Baim Paula,20400000,Indonesia,1100000.0,49800.0,1900.0
SSundee,SSundee,20400000,United States,3000000.0,141200.0,4600.0
Like Nastya PRT,Like Nastya PRT,20400000,,670300.0,3400.0,0.0
AuthenticGames,AuthenticGames,20200000,Brazil,64800.0,6100.0,229.0
TheFineBros,REACT,20200000,United States,89500.0,3000.0,382.0
Crazy XYZ,Crazy XYZ,20200000,India,5600000.0,498500.0,14600.0
VEVO,Vevo,20000000,United States,85600.0,804.0,36.0
DisneyChannelLA,Disney Latinoamérica,20000000,,46700.0,348.0,0.0
goldmineshindi,Goldmines Movies,20000000,India,8200.0,65.0,3.0
PenIndiaPvtLimited,Pen Movies,20000000,India,271000.0,7600.0,285.0
HaerteTest,HaerteTest,20000000,India,28000.0,213.0,24.0
SlivkiChanel,SlivkiShow,19800000,Russia,2800000.0,295000.0,55300.0
5-Minute Crafts PLAY,5-Minute Crafts PLAY,19800000,India,35400.0,258.0,15.0
LazarBeam,LazarBeam,19800000,United States,4200000.0,160000.0,5900.0
Kids TV - Nursery Rhymes And Baby Songs,Kids TV - Nursery Rhymes And Baby Songs,19800000,,174200.0,320.0,0.0
NationalGeographic,National Geographic,19800000,United States,45800.0,1100.0,74.0
Brave Wilderness,Brave Wilderness,19800000,United States,400600.0,12100.0,735.0
BeckyGOfficial,Becky G,19800000,United States,57500.0,5000.0,126.0
Goldmines Cineplex,Goldmines Cineplex,19800000,India,15700.0,132.0,4.0
NewAFI2013,Indosiar Visual Mandiri,19600000,Indonesia,15700.0,264.0,22.0
rossbollinger,Pencilmation,19600000,United States,390900.0,3400.0,96.0
HumNetwork,HUM TV,19400000,Pakistan,3000.0,21.0,2.0
PrestonPlayz,Preston,19400000,United States,2800000.0,68600.0,3600.0
Mnet,Mnet K-POP,19400000,United States,31100.0,2600.0,112.0
CharliesVlogs,Charlie Puth,19200000,United States,464700.0,34000.0,802.0
Totoy kids - Português,Totoy kids - Português,19200000,Brazil,207400.0,1500.0,0.0
GooodLifeFilms,Lyrical Lemonade,19200000,United States,335800.0,60700.0,5700.0
RotanaAudio,Rotana,19200000,Saudi Arabia,1300000.0,22000.0,533.0
Crafty Panda,Crafty Panda,19100000,India,75000.0,540.0,15.0
Noor Stars,Noor Stars,19100000,Iraq,2000000.0,161300.0,12100.0
DLS News,DLS News,19000000,India,74300.0,2500.0,146.0
Troom Troom Es,Troom Troom Es,19000000,Mexico,120500.0,2700.0,58.0
starplus,StarPlus,19000000,India,348700.0,8300.0,68.0
The ACE Family,The ACE Family,19000000,United States,1400000.0,73800.0,3600.0
toyorbabytv,toyorbabytv,18800000,,100900.0,0.0,0.0
gordonramsay,Gordon Ramsay,18800000,United States,218100.0,7200.0,338.0
gottalentglobal,Got Talent Global,18800000,United States,48300.0,751.0,63.0
TelenovelaTelevisa,Tlnovelas,18800000,Mexico,26800.0,310.0,13.0
Infinite,Infinite,18800000,United States,528700.0,24300.0,1900.0
MrVivekBindra,Dr. Vivek Bindra: Motivational Speaker,18800000,India,290000.0,18200.0,222.0
TheWillyrex,TheWillyrex,18600000,Spain,35100.0,2400.0,0.0
UltraMovieParlour,Ultra Movie Parlour,18600000,India,194800.0,1200.0,31.0
fatosdesconhecidos,Fatos Desconhecidos,18600000,Brazil,242100.0,23100.0,636.0
TheEnaldinhO,Enaldinho,18500000,Brazil,365900.0,28200.0,518.0
Vlad and Niki Arabic,Vlad and Niki Arabic,18400000,,2600000.0,18700.0,0.0
OfficialClashOfClans,Clash of Clans,18400000,United States,485900.0,16100.0,280.0
JimmyKimmelLive,Jimmy Kimmel Live,18400000,United States,202900.0,4900.0,288.0
MARVEL,Marvel Entertainment,18400000,United States,347200.0,26300.0,1000.0
RobinHoodGamer1,Robin Hood Gamer,18400000,Brazil,1300000.0,59000.0,1100.0
Unbox Therapy,Unbox Therapy,18200000,United States,1300000.0,17700.0,2000.0
NBA,NBA,18200000,United States,49400.0,1600.0,92.0
Kurzgesagt,Kurzgesagt – In a Nutshell,18200000,United States,7700000.0,354700.0,15700.0
TRT Originals Urdu,TRT Originals Urdu,18200000,Pakistan,387900.0,17100.0,747.0
CKN,CKN,18200000,,214300.0,1600.0,0.0
gmapublicaffairs,GMA Public Affairs,18100000,Philippines,10600.0,131.0,10.0
corbuzierprediction,Deddy Corbuzier,18100000,Indonesia,3000000.0,66300.0,6800.0
Eva Bravo Play,Eva Bravo Play,18100000,,323900.0,2600.0,0.0
★ Kids Roma Show,★ Kids Roma Show,18000000,,1100000.0,10200.0,0.0
shfa show India,shfa show India,18000000,,3300000.0,19000.0,0.0
Мирошка ТВ,Мирошка ТВ,18000000,Russia,15400.0,67.0,0.0
sonotekvideo,Sonotek,18000000,India,34100.0,1200.0,127.0
greengoldtv,Green Gold TV - Official Channel,18000000,,305500.0,2500.0,0.0
Kinder Spielzeug Kanal,Kinder Spielzeug Kanal,18000000,,168800.0,1000.0,0.0
GEN HALILINTAR,GEN HALILINTAR,18000000,Indonesia,747500.0,39900.0,726.0
INCRÍVEL,INCRÍVEL,17800000,Brazil,32500.0,1800.0,47.0
turmadamonicaTV,Turma da Mônica,17800000,,180900.0,1800.0,0.0
DanielSaboya,Dan-Sa / Daniel Saboya,17800000,Brazil,33900.0,1600.0,20.0
BritainsGotTalent09,Britain's Got Talent,17800000,,122900.0,939.0,0.0
kbsworld,KBS WORLD TV,17800000,Philippines,6300.0,211.0,9.0
TheOdd1sOut,TheOdd1sOut,17700000,United States,0.0,0.0,0.0
Ninja Kidz TV,Ninja Kidz TV,17600000,United States,2500000.0,22400.0,1100.0
Brent Rivera,Brent Rivera,17600000,United States,3900000.0,281500.0,11500.0
PinkPanther,Official Pink Panther,17600000,,716600.0,5900.0,0.0
FactTechz,FactTechz,17500000,India,791100.0,66900.0,1900.0
Like Nastya Vlog,Like Nastya Vlog,17500000,,752200.0,2700.0,0.0
TheGrefg,TheGrefg,17500000,Spain,1400000.0,97000.0,1500.0
SockeyeMedia,Mother Goose Club Playhouse,17500000,,80200.0,149.0,0.0
Matroix,Ali-A,17500000,United States,691200.0,20100.0,847.0
HiMan,HiMan,17500000,Russia,1200000.0,102300.0,351.0
rhettandlink2,Good Mythical Morning,17500000,United States,1300000.0,40200.0,1400.0
CookieSwirlC,CookieSwirlC,17500000,United States,411800.0,4700.0,842.0
ElTrollino,ElTrollino,17500000,Mexico,3300000.0,101000.0,2500.0
Naisa Alifia Yuriza (N.A.Y),Naisa Alifia Yuriza (N.A.Y),17500000,Indonesia,504700.0,19900.0,757.0
EeOneGuy,EeOneGuy,17500000,Russia,794000.0,47000.0,5600.0
Stubborn Facts,Stubborn Facts,17300000,India,97000.0,3000.0,127.0
TheElenaYa,Diana and Roma EN,17300000,,607000.0,2300.0,0.0
MiawAug,MiawAug,17300000,Indonesia,1300000.0,67300.0,4900.0
rsiammusic,RsiamMusic : อาร์สยาม,17300000,Thailand,8400.0,306.0,10.0
Emiway Bantai,Emiway Bantai,17300000,India,864400.0,106600.0,7300.0
Netflix India,Netflix India,17300000,India,61900.0,2800.0,72.0
farrukotv,Farruko,17300000,United States,493200.0,22300.0,807.0
dj47maryn,Marmok,17300000,Russia,3800000.0,437500.0,15100.0
portadosfundos,Porta dos Fundos,17300000,Brazil,639800.0,62800.0,808.0
BabyBus - Cerita & Lagu Anak-anak,BabyBus - Cerita & Lagu Anak-anak,17100000,,926400.0,5700.0,0.0
Willyrex,Willyrex,17100000,Mexico,147500.0,10000.0,96.0
SCTVIndonesia,Surya Citra Televisi,17100000,Indonesia,23600.0,433.0,39.0
SebastianYatra,Sebastián Yatra,17100000,Colombia,1800000.0,55500.0,1200.0
Little Angel Español - Canciones Infantiles,Little Angel Español - Canciones Infantiles,17100000,,1200000.0,7500.0,0.0
ThePoznavatel,Познаватель,16900000,Russia,3400000.0,92300.0,3200.0
A_S Gaming,A_S Gaming,16900000,India,1100000.0,102300.0,2100.0
RobleisIUTU,RobleisIUTU,16900000,Argentina,1200000.0,79300.0,2300.0
Guava Juice,Guava Juice,16900000,United States,73600.0,2100.0,75.0
D Billions,D Billions,16900000,,1200000.0,2000.0,0.0
kidstvsongs,Doggy Doggy Cartoons,16900000,,14600.0,172.0,0.0
aMOODIEsqueezie,SQUEEZIE,16900000,France,5300000.0,430400.0,5400.0
Vania Mania Kids,Vania Mania Kids,16700000,,361700.0,2200.0,0.0
Heidi & Zidane बच्चों की कहानियाँ,Heidi & Zidane बच्चों की कहानियाँ,16700000,,414300.0,3100.0,0.0
The Royalty Family,The Royalty Family,16700000,United States,2800000.0,81700.0,10700.0
musicalrmastv,الـريماس - Al-Remas,16700000,Iraq,66500.0,3300.0,166.0
Masha e o Urso,Masha e o Urso,16700000,,346300.0,2800.0,0.0
grammygoldofficia,Grammy Gold Official,16700000,Thailand,12100.0,198.0,19.0
IGNentertainment,IGN,16500000,United States,65800.0,1500.0,150.0
Sun TV,Sun TV,16500000,India,92100.0,1600.0,32.0
TEDEducation,TED-Ed,16500000,United States,330200.0,15100.0,633.0
JasonDerulo,Jason Derulo,16500000,United States,73900.0,5200.0,81.0
Tu COSMOPOLIS,Tu COSMOPOLIS,16500000,Mexico,211100.0,17100.0,1200.0
jquintanac5,DeToxoMoroxo,16500000,Mexico,835100.0,37500.0,10600.0
LankyBox,LankyBox,16500000,United States,1100000.0,15200.0,500.0
Beast Reacts,Beast Reacts,16399999,United States,10300000.0,345400.0,9100.0
etvteluguindia,etvteluguindia,16399999,India,35100.0,305.0,0.0
ArabGamesNetwork,شبكة العاب العرب | Arab Games Network,16399999,Algeria,318300.0,28900.0,1100.0
invictorgs3,invictor,16399999,Mexico,2900000.0,97400.0,2200.0
Vlad and Niki IDN,Vlad and Niki IDN,16300000,,469200.0,2500.0,0.0
STARVIJAY,Vijay Television,16300000,India,358500.0,8300.0,111.0
TheBrianMaps,TheBrianMaps,16300000,Russia,2600000.0,314600.0,12700.0
Rafa & Luiz,Rafa & Luiz,16300000,Brazil,579700.0,39200.0,1400.0
IDEAS EN 5 MINUTOS,IDEAS EN 5 MINUTOS,16300000,Mexico,28900.0,474.0,13.0
SUPER SLICK SLIME SAM,SUPER SLICK SLIME SAM,16200000,Mexico,228200.0,7300.0,268.0
Jane ASMR 제인,Jane ASMR 제인,16100000,United States,438700.0,8600.0,498.0
AnittaOficial,Anitta,16100000,Brazil,316400.0,12300.0,488.0
jeffreestar,jeffreestar,16100000,United States,878500.0,36700.0,3200.0
Canal IN,Canal IN,16100000,Brazil,26200.0,1600.0,16.0
Sandra Cires Art,Sandra Cires Art,16100000,Colombia,1400000.0,76000.0,3600.0
iberethenorio,Manual do Mundo,16100000,Brazil,488800.0,69800.0,740.0
Antrax,Antrax,16100000,Mexico,935800.0,88100.0,543.0
zbingzbing,zbing z.,15900000,Thailand,657300.0,26300.0,1100.0
Kiddiestv Hindi - Nursery Rhymes & Kids Songs,Kiddiestv Hindi - Nursery Rhymes & Kids Songs,15900000,United States,67300.0,507.0,0.0
littlemixmusic,Little Mix,15900000,United States,104200.0,10000.0,160.0
Prajapati News,Prajapati News,15800000,India,46300.0,2100.0,95.0
Kaykai Salaider,Kaykai Salaider,15700000,Thailand,1400000.0,104000.0,8200.0
Kids Play,Kids Play,15700000,,120200.0,957.0,0.0
boyceavenue,Boyce Avenue,15700000,Brazil,338500.0,8000.0,355.0
failarmy,FailArmy,15700000,United States,2200000.0,19900.0,642.0
Apple,Apple,15700000,,4300000.0,35000.0,0.0
DopeLyrics,DopeLyrics,15700000,United States,31700.0,615.0,50.0
DUDU e CAROL,DUDU e CAROL,15700000,Brazil,1400000.0,65900.0,142.0
queenofficial,Queen Official,15700000,United States,123300.0,4200.0,491.0
movieclipsTRAILERS,Movieclips Trailers,15700000,United States,58200.0,903.0,74.0
MatthewPatrick13,The Game Theorists,15700000,United States,3100000.0,163800.0,8200.0
lescopaque,Les' Copaque Production,15600000,Indonesia,350100.0,7700.0,99.0
Khan GS Research Centre,Khan GS Research Centre,15600000,India,9100000.0,641500.0,44700.0
TRANSTVofficial,TRANS TV Official,15500000,Indonesia,373.0,5.0,0.0
SonyMusicSouthVEVO,SonyMusicSouthVEVO,15500000,India,110200.0,4100.0,40.0
RomanAtwoodVlogs,Roman Atwood Vlogs,15500000,United States,677400.0,33800.0,1200.0
marquesbrownlee,Marques Brownlee,15500000,United States,2900000.0,119200.0,6500.0
Village Cooking Channel,Village Cooking Channel,15500000,India,8199999.0,254800.0,4500.0
vice,VICE,15500000,United States,257500.0,5600.0,767.0
Aayu and Pihu Show,Aayu and Pihu Show,15500000,India,4300000.0,111300.0,7700.0
हिंदी - Genevieve's Playhouse,हिंदी - Genevieve's Playhouse,15500000,,1100000.0,9400.0,0.0
Kids Channel India - Hindi Rhymes and Baby Songs,Kids Channel India - Hindi Rhymes and Baby Songs,15500000,,114400.0,731.0,0.0
tanboy kun,tanboy kun,15400000,Indonesia,2200000.0,56800.0,2000.0
El Reino a Jugar,El Reino a Jugar,15400000,,317300.0,1200.0,0.0
Triggered Insaan,Triggered Insaan,15400000,India,6400000.0,800900.0,26500.0
monstafluffmusicTV,7clouds,15300000,United States,185400.0,3000.0,140.0
Dyland PROS,Dyland PROS,15300000,Indonesia,92100.0,7700.0,448.0
Camila Cabello,Camila Cabello,15300000,United States,109400.0,14200.0,146.0
JenniferLopez,Jennifer Lopez,15300000,United States,401900.0,12100.0,1200.0
MegatoadStonie,Matt Stonie,15300000,United States,0.0,0.0,0.0
AdMe.ru - Сайт о творчестве,AdMe.ru - Сайт о творчестве,15300000,Russia,51900.0,1500.0,83.0
Zappy Toons - Hindi Nursery Rhymes and Stories,Zappy Toons - Hindi Nursery Rhymes and Stories,15300000,,120600.0,665.0,0.0
Blippi - Educational Videos for Kids,Blippi - Educational Videos for Kids,15300000,,1200000.0,4300.0,0.0
Ivana Alawi,Ivana Alawi,15300000,Philippines,2700000.0,122600.0,11000.0
Oyuncak Avı,Oyuncak Avı,15300000,,126200.0,0.0,0.0
Jason Vlogs,Jason Vlogs,15300000,,273100.0,1600.0,0.0
portalfitdance,FitDance,15100000,Brazil,46300.0,1300.0,23.0
Kerajinan 5-Menit,Kerajinan 5-Menit,15100000,Indonesia,20800.0,221.0,10.0
TheRichest,TheRichest,15100000,United States,17300.0,588.0,45.0
Goldmines Great Indian Comedy,Goldmines Great Indian Comedy,15100000,India,11400.0,122.0,6.0
popchartbusters,Pop Chartbusters,15100000,India,20200.0,366.0,21.0
OGatoGalactico,Gato Galactico | GALÁXIA,15100000,Brazil,79600.0,4700.0,106.0
wifistudy,wifistudy,15000000,India,7400.0,645.0,15.0
ntvru,НТВ,15000000,Russia,82300.0,901.0,216.0
Dhar Mann,Dhar Mann,15000000,United States,6200000.0,140900.0,6300.0
حِرف إبداعية في 5 دقائق,حِرف إبداعية في 5 دقائق,14900000,Egypt,22600.0,386.0,23.0
KSIOlajidebtHD,JJ Olatunji,14900000,United States,4800000.0,429500.0,9600.0
kwebbelkop,Kwebbelkop,14900000,United States,218800.0,17500.0,882.0
RCTI - LAYAR DRAMA INDONESIA,RCTI - LAYAR DRAMA INDONESIA,14900000,Indonesia,26100.0,455.0,23.0
Junya Official Channel,Junya Official Channel,14900000,Japan,407200.0,2000.0,43.0
makeuplocalypse,Mariale,14900000,Mexico,241300.0,13500.0,475.0
ranziscool,Ranz Kyle,14900000,Philippines,362300.0,15000.0,507.0
Makiman131,Makiman131,14900000,Spain,393800.0,25400.0,795.0
Lachlan,Lachlan,14900000,United States,864600.0,34600.0,935.0
IDEIAS INCRÍVEIS,IDEIAS INCRÍVEIS,14700000,Brazil,15400.0,331.0,9.0
IISuperwomanII,Lilly Singh,14700000,United States,94800.0,6600.0,103.0
TalkingFriends,Talking Tom & Friends,14700000,United States,445800.0,4300.0,0.0
CanalTaBombando,LEGENDA FUNK,14700000,Brazil,9300.0,529.0,22.0
Planeta das Gêmeas,Planeta das Gêmeas,14700000,Brazil,531200.0,23200.0,22.0
Dave and Ava - Nursery Rhymes and Baby Songs,Dave and Ava - Nursery Rhymes and Baby Songs,14700000,,449100.0,1900.0,0.0
5-Minute Crafts FAMILY,5-Minute Crafts FAMILY,14600000,United States,21500.0,242.0,12.0
Sony AATH,Sony AATH,14600000,Bangladesh,138000.0,3200.0,114.0
AMARINTV : อมรินทร์ทีวี,AMARINTV : อมรินทร์ทีวี,14600000,Thailand,13100.0,148.0,21.0
Super Polina,Super Polina,14600000,,40200.0,211.0,0.0
LOKESH GAMER,LOKESH GAMER,14500000,India,657300.0,85700.0,3200.0
News24page,News24,14500000,India,9500.0,186.0,19.0
Niana Guerrero,Niana Guerrero,14500000,Philippines,732400.0,41000.0,1600.0
SriBalajiMovies,SriBalajiMovies,14500000,India,83500.0,2200.0,8.0
Drawblogs,Drawblogs,14500000,Mexico,0.0,0.0,0.0
Sidemen,Sidemen,14500000,United Kingdom,5900000.0,276400.0,9500.0
zncoficial,Zé Neto e Cristiano,14500000,Brazil,5300000.0,44000.0,643.0
Super Senya,Super Senya,14500000,,30500.0,152.0,0.0
newvolgavideo,Volga Video,14500000,India,2900.0,18.0,1.0
rkddigital,RKD Studios,14500000,India,42600.0,870.0,39.0
hejproducao,Henrique e Juliano,14500000,Brazil,96800.0,4100.0,75.0
MattyBRaps,MattyBRaps,14500000,United States,512600.0,8000.0,413.0
collegehumor,CollegeHumor,14500000,United States,194600.0,8400.0,360.0
popskids,POPS Kids,14500000,Poland,15900.0,61.0,0.0
La Rosa de Guadalupe,La Rosa de Guadalupe,14500000,Mexico,361000.0,3200.0,81.0
حقائق وأسرار,حقائق وأسرار,14500000,Egypt,26000.0,1400.0,89.0
LinusTechTips,Linus Tech Tips,14500000,United States,1500000.0,63500.0,2500.0
T3DDYgames,T3ddy,14400000,Brazil,1100000.0,140100.0,5600.0
indiancomedy,Shemaroo Comedy,14300000,India,248300.0,2200.0,27.0
XpressTV,XpressTV,14300000,Mexico,1500000.0,62200.0,764.0
Harsh Beniwal,Harsh Beniwal,14300000,India,11600000.0,1300000.0,55400.0
Like Nastya IDN,Like Nastya IDN,14300000,,301700.0,0.0,0.0
bbtvch7,Ch7HD,14300000,Thailand,12700.0,235.0,4.0
chadwildclay,Chad Wild Clay,14300000,United States,2300000.0,43800.0,7400.0
iTownGamePlay,iTownGamePlay *Terror&Diversión*,14300000,Mexico,131200.0,6200.0,340.0
MartinGarrix,Martin Garrix,14300000,United States,59600.0,1900.0,125.0
Canal Nostalgia,Canal Nostalgia,14300000,Brazil,265100.0,36800.0,536.0
With Kids[위드키즈],With Kids[위드키즈],14300000,United States,368300.0,0.0,0.0
theslowmoguys,The Slow Mo Guys,14300000,United States,1200000.0,72700.0,3200.0
LEGO,LEGO,14300000,United States,21500.0,84.0,0.0
mkmusicnews,MK MUSIC,14200000,Brazil,53300.0,2800.0,122.0
Daftar Populer,Daftar Populer,14100000,Indonesia,139300.0,2900.0,224.0
Mobile Legends: Bang Bang Official,Mobile Legends: Bang Bang Official,14100000,Indonesia,259300.0,2400.0,21.0
OfficialTrapCity,Trap City,14100000,United States,44400.0,1800.0,77.0
inventonahoratv,Invento na Hora,14100000,Brazil,1200000.0,152900.0,1700.0
And TV,And TV,14100000,India,15200.0,276.0,8.0
PlayStation,PlayStation,14100000,United States,24500.0,748.0,89.0
camilaloures,Camila Loures,14100000,Brazil,310400.0,28200.0,456.0
Genierock,Genierock,14100000,Thailand,16500.0,340.0,20.0
Fede Vigevani,Fede Vigevani,14100000,Mexico,3000000.0,230200.0,9000.0
It's Mamix,It's Mamix,14100000,Russia,2800000.0,276300.0,14900.0
#Refugio Mental,#Refugio Mental,14100000,Mexico,745600.0,8100.0,125.0
Gyan Gamingㅤ,Gyan Gamingㅤ,13900000,India,581300.0,70900.0,1100.0
Maha Fun Tv,Maha Fun Tv,13900000,India,9100000.0,46800.0,946.0
Johny FamilyShow,Johny FamilyShow,13900000,,170700.0,681.0,0.0
Arif muhammad,Arif muhammad,13900000,Indonesia,3000000.0,93500.0,3200.0
AM3NlC,AM3NlC,13900000,Brazil,215900.0,24500.0,266.0
GMMTVSPOTLIKE,GMMTV OFFICIAL​​,13900000,Thailand,26500.0,779.0,29.0
NikkieTutorials,NikkieTutorials,13900000,United States,821100.0,55700.0,2600.0
MasterskayaNastroeny,Мастерская Настроения,13900000,Russia,390400.0,8200.0,203.0
MRamadanOfficial,Mohamed Ramadan I محمد رمضان,13900000,Egypt,761500.0,28200.0,1800.0
F2Freestylers,F2Freestylers - Ultimate Soccer Skills Channel,13900000,United Kingdom,208300.0,9400.0,111.0
BollywoodClassics,Bollywood Classics,13900000,India,40400.0,329.0,15.0
Smile Family Spanish,Smile Family Spanish,13900000,,1100000.0,7600.0,0.0
WWWengie,Wengie,13900000,United States,84800.0,5700.0,170.0
thairathonline,Thairath Online,13900000,Thailand,25500.0,328.0,33.0
Sourav Joshi Vlogs,Sourav Joshi Vlogs,13900000,India,6300000.0,571500.0,17000.0
TeamFilmsBhojpuri,Team Films Bhojpuri,13800000,India,8200.0,229.0,46.0
SOMOY TV,SOMOY TV,13800000,Bangladesh,8600.0,179.0,15.0
bbchindi,BBC News Hindi,13700000,India,235700.0,0.0,336.0
Anasala I أنس و أصالة,Anasala I أنس و أصالة,13700000,Egypt,2800000.0,189500.0,6300.0
Zach Choi ASMR,Zach Choi ASMR,13700000,United States,765600.0,40000.0,1300.0
MAIKI021,MAIKI021,13700000,Brazil,38500.0,5700.0,177.0
bomberball,Bie The Ska,13700000,Thailand,892800.0,30900.0,713.0
Doc Tops,Doc Tops,13700000,Mexico,1400000.0,75700.0,2200.0
mispastelitosyoutub,Mis Pastelitos,13700000,Mexico,2300000.0,109600.0,3600.0
CH8vdo,ช่อง8 : Thai Ch8,13700000,Thailand,6800.0,115.0,3.0
Трум Трум,Трум Трум,13700000,Russia,450800.0,6100.0,205.0
vetealaversha,Darkar Company Studios,13700000,Mexico,416100.0,48800.0,678.0
ndtvindia,NDTV India,13600000,India,20000.0,605.0,71.0
dangmattsmith,Dang Matt Smith,13500000,United States,287900.0,9300.0,642.0
O Canal do Joãozinho - Little Angel Português,O Canal do Joãozinho - Little Angel Português,13500000,,805200.0,5700.0,0.0
zeefilmimusic,Zee Music Classic,13500000,India,27700.0,205.0,22.0
Kurt Hugo Schneider,Kurt Hugo Schneider,13500000,United States,48800.0,2800.0,80.0
AzzyLand,AzzyLand,13500000,United States,198500.0,7300.0,455.0
TWICE,TWICE,13500000,Philippines,793700.0,78100.0,2600.0
The World Adventures हिन्दी,The World Adventures हिन्दी,13500000,India,46700.0,2500.0,60.0
NehaKakkarOfficial,Neha Kakkar,13500000,India,0.0,0.0,0.0
Zach King,Zach King,13500000,United States,1200000.0,82300.0,1000.0
Daily Dose Of Internet,Daily Dose Of Internet,13500000,United States,4500000.0,265100.0,8600.0
laharimusic,Lahari Music | T-Series,13500000,India,54900.0,2100.0,56.0
TheABSCBNNews,ABS-CBN News,13400000,Philippines,4500.0,47.0,6.0
CNN,CNN,13400000,United States,239200.0,3100.0,2900.0
NOBRU,NOBRU,13300000,Brazil,109700.0,12200.0,285.0
fcbarcelona,FC Barcelona,13300000,India,207500.0,13200.0,356.0
A2 Motivation {Arvind Arora},A2 Motivation {Arvind Arora},13300000,India,543200.0,62500.0,531.0
crashcourse,CrashCourse,13300000,United States,47600.0,1700.0,37.0
UFC,UFC - Ultimate Fighting Championship,13300000,United States,155200.0,2900.0,347.0
infobells,infobells,13300000,,16600.0,82.0,0.0
pognalishow,Дима Масленников,13300000,Russia,4800000.0,436900.0,14300.0
TazerCraft,TazerCraft,13300000,Brazil,352800.0,26800.0,532.0
GallinaPintadita,Gallina Pintadita,13300000,,403900.0,2300.0,0.0
elcanaldePlimPlim,Plim Plim - Kids Songs & Episodes - Spanish,13300000,,831300.0,4900.0,0.0
RosannaPansino,Rosanna Pansino,13300000,United States,206000.0,8400.0,102.0
Online Job,Online Job,13300000,India,10100.0,305.0,51.0
Kuplinov ► Play,Kuplinov ► Play,13300000,Russia,1200000.0,67700.0,2500.0
EdisonPts,EdisonPts,13300000,Russia,2000000.0,153800.0,7600.0
MNCTVOfficial,MNCTV Official,13200000,Indonesia,4100.0,126.0,6.0
Totoy kids - Español,Totoy kids - Español,13100000,,165900.0,1000.0,0.0
The LaBrant Fam,The LaBrant Fam,13100000,United States,792500.0,25700.0,0.0
Bizarrap,Bizarrap,13100000,Argentina,80500000.0,5600000.0,313600.0
Wow Kidz Action,Wow Kidz Action,13100000,,1200000.0,9600.0,0.0
AtlanticVideos,Atlantic Records,13100000,United States,9600.0,325.0,17.0
Blippi Español,Blippi Español,13100000,,891800.0,3800.0,0.0
CoryxKenshin,CoryxKenshin,13100000,United States,4700000.0,338800.0,20600.0
theRadBrad,theRadBrad,13100000,United States,186400.0,8800.0,613.0
mymissanand,MyMissAnand,13100000,India,2100000.0,80900.0,1200.0
Narins Beauty,Narins Beauty,13100000,Iraq,2700000.0,267200.0,8800.0
TV Ana Emilia,TV Ana Emilia,13100000,Mexico,425600.0,14100.0,1400.0
iloveindianmakeup,Anaysa,13100000,India,933600.0,38000.0,1400.0
Auron,Auron,13100000,Mexico,2200000.0,137700.0,1700.0
Unspeakable,Unspeakable,13000000,United States,1900000.0,39300.0,2200.0
narendramodionline,NMF News,13000000,India,6200.0,123.0,18.0
Zig & Sharko,Zig & Sharko,12900000,,375300.0,2600.0,0.0
The Shiny Peanut,The Shiny Peanut,12900000,Indonesia,35700.0,752.0,48.0
djzoi0,Everson Zoio,12900000,Brazil,631000.0,80100.0,2800.0
Fun For Kids TV - Hindi Rhymes,Fun For Kids TV - Hindi Rhymes,12900000,,0.0,0.0,0.0
50CentMusic,50 Cent,12900000,United States,100700.0,5800.0,431.0
News18 India,News18 India,12900000,India,2700.0,51.0,7.0
MattSDance,Matt Steffanina,12900000,United States,124500.0,7800.0,104.0
SaturdayNightLive,Saturday Night Live,12900000,United States,1100000.0,19200.0,858.0
MrSuicideSheep,MrSuicideSheep,12900000,United States,94400.0,4000.0,100.0
YOLO,YOLO,12900000,Mexico,267100.0,26200.0,1900.0
MrBeast Shorts,MrBeast Shorts,12900000,United States,0.0,0.0,0.0
SrtaLynaV,Lyna,12900000,Argentina,737100.0,37700.0,1700.0
MazhavilManorama,Mazhavil Manorama,12800000,India,22300.0,332.0,10.0
Desi Gamers,Desi Gamers,12700000,India,727800.0,94700.0,3800.0
ChallengeAcceptedInc,Aphmau,12700000,United States,3900000.0,84600.0,4200.0
The Q,The Q,12700000,United States,128600.0,4900.0,228.0
Aadishakti Films,Aadishakti Films,12700000,India,39000.0,1400.0,152.0
O Que Não Dizer Oficial,O Que Não Dizer Oficial,12700000,Brazil,113500.0,14300.0,53.0
skillzaisherebooya,Conor Maynard,12700000,United States,305800.0,21400.0,578.0
twentyonepilots,twenty one pilots,12700000,United States,1700000.0,153900.0,7200.0
#Refúgio Mental,#Refúgio Mental,12700000,Brazil,471800.0,10300.0,87.0
ABCNews,ABC News,12700000,United States,12000.0,191.0,139.0
DALLMYD,DALLMYD,12700000,United States,322700.0,12400.0,735.0
PozzitifonShow,Поззи,12700000,Russia,1400000.0,87700.0,4700.0
1032010814,TKOR,12700000,United States,107100.0,3800.0,256.0
typicalgamer,Typical Gamer,12700000,United States,804400.0,14300.0,474.0
123 GO! Spanish,123 GO! Spanish,12700000,Mexico,888000.0,11800.0,235.0
Like Nastya VNM,Like Nastya VNM,12700000,,666400.0,0.0,0.0
Health Time,Health Time,12600000,India,12600.0,467.0,16.0
Dangal TV Channel,Dangal TV Channel,12600000,India,332400.0,2600.0,19.0
Wish 107.5,Wish 107.5,12600000,Philippines,146800.0,4400.0,372.0
RedeTVhdBrasil,RedeTV,12600000,Brazil,2700.0,74.0,3.0
NishaMadhulika,Nisha Madhulika,12500000,India,220600.0,5200.0,934.0
ETV Jabardasth,ETV Jabardasth,12500000,India,192600.0,2700.0,44.0
ETV Jabardasth,ETV Jabardasth,12500000,India,192600.0,2700.0,44.0
canalparafernalha,Parafernalha,12500000,Brazil,50800.0,4400.0,49.0
Knowledge Tv हिन्दी,Knowledge Tv हिन्दी,12500000,India,158700.0,9400.0,468.0
JDCav24,ATHLEAN-X™,12500000,United States,395600.0,19000.0,693.0
MusicTalentNow,Top Viral Talent,12500000,United States,19900.0,401.0,22.0
Vlad and Niki ARA,Vlad and Niki ARA,12500000,,457200.0,3800.0,0.0
React,People Vs Food,12500000,United States,464200.0,18000.0,1000.0
zeetvtelugu,Zee Telugu,12500000,India,128300.0,1300.0,12.0
PrestonPlayz,PrestonPlayz,12500000,United States,2100000.0,48800.0,4000.0
BUDI01 GAMING,BUDI01 GAMING,12500000,Indonesia,1100000.0,91500.0,7100.0
MstrJames,Hacksmith Industries,12500000,United States,896700.0,46300.0,1800.0
Blossom,Blossom,12400000,United States,111000.0,2200.0,33.0
JesseAndMike,JesseAndMike,12400000,United States,523799.0,6600.0,152.0
LOUD,LOUD,12300000,Brazil,138500.0,15500.0,53.0
Hongyu ASMR 홍유,Hongyu ASMR 홍유,12300000,United States,1300000.0,15600.0,646.0
Taarak Mehta Ka Ooltah Chashmah,Taarak Mehta Ka Ooltah Chashmah,12300000,India,701300.0,10800.0,151.0
htpunjabi,Lokdhun Punjabi,12300000,India,16200.0,346.0,8.0
Piuzinho,Piuzinho,12300000,Brazil,233300.0,45800.0,625.0
DisneyChannelUK,DisneyChannelUK,12300000,Singapore,0.0,0.0,0.0
Meghan Trainor,Meghan Trainor,12300000,United States,11400.0,564.0,35.0
Juliana Baltar,Juliana Baltar,12300000,Brazil,286600.0,18600.0,335.0
5-Minute Crafts Recycle,5-Minute Crafts Recycle,12300000,India,102300.0,855.0,25.0
أترو/Atro,أترو/Atro,12300000,Iraq,521000.0,71600.0,9900.0
alanalan9635,Stokes Twins,12300000,United States,9900000.0,281500.0,19400.0
BBC,BBC,12300000,United Kingdom,40700.0,673.0,87.0
AdexeOficial,Adexe & Nau,12300000,Mexico,38300.0,4400.0,367.0
gymvirtual,gymvirtual,12300000,Mexico,76400.0,3500.0,89.0
einerdtv,Ei Nerd,12300000,Brazil,265400.0,42300.0,1200.0
Alex Gonzaga Official,Alex Gonzaga Official,12300000,Philippines,2900000.0,116600.0,2900.0
Gibby :),Gibby :),12300000,Mexico,582600.0,28400.0,1800.0
LittleBabyBumEspanol,Little Baby Bum en Español,12300000,,98200.0,0.0,0.0
Melon City Show - برنامج ولاية بطيخ,Melon City Show - برنامج ولاية بطيخ,12300000,Iraq,405600.0,24400.0,496.0
Troom Troom PT,Troom Troom PT,12300000,Brazil,201400.0,4700.0,58.0
Jake Fellman,Jake Fellman,12300000,United States,857600.0,36700.0,167.0
jazzghost1,Jazzghost,12300000,Brazil,758700.0,55900.0,2000.0
Like Nastya Stories,Like Nastya Stories,12300000,,166200.0,1200.0,0.0
Bela Bagunça,Bela Bagunça,12300000,Brazil,74800.0,4400.0,148.0
tseriesregional,T-Series Regional,12100000,India,6900.0,148.0,18.0
Brawl Stars,Brawl Stars,12100000,United States,6400000.0,181200.0,6900.0
Crescendo com Luluca,Crescendo com Luluca,12100000,Brazil,1300000.0,52800.0,4400.0
PowerfulJRE,PowerfulJRE,12100000,United States,498900.0,14700.0,1800.0
bbcnews,BBC News,12100000,United Kingdom,236200.0,3300.0,1800.0
JustForLaughsTV,Just For Laughs Gags,12100000,India,66400.0,1200.0,46.0
NORMAN FAIT DES VIDÉOS,NORMAN FAIT DES VIDÉOS,12100000,France,1800000.0,168200.0,6900.0
GoldClassics,Goldmines Premiere,12100000,,9900.0,154.0,0.0
awakeningrecords,Awakening Music,12100000,Indonesia,16800.0,1200.0,60.0
OficialPeppa,Peppa Pig em Português Brasil - Canal Oficial,12100000,,634600.0,4100.0,0.0
zeebangla,Zee Bangla,12000000,India,43900.0,476.0,7.0
MY FAMILY,MY FAMILY,11900000,India,1100000.0,6700.0,208.0
Kabita's Kitchen,Kabita's Kitchen,11900000,India,298800.0,7300.0,768.0
KaKa Kids TV - Nursery Rhymes Kids Animated Songs,KaKa Kids TV - Nursery Rhymes Kids Animated Songs,11900000,,15200.0,64.0,0.0
EU FICO LOKO,EU FICO LOKO,11900000,Brazil,9700.0,988.0,11.0
Zeinab Harake,Zeinab Harake,11900000,Philippines,1300000.0,71200.0,1800.0
OReinho,O Reino Infantil,11900000,,109300.0,489.0,0.0
HZHtube Kids Fun,HZHtube Kids Fun,11900000,,491200.0,3100.0,0.0
HusamYK,Katakit Baby TV,11900000,Saudi Arabia,179900.0,1600.0,0.0
MrGear,MrGear,11900000,United States,44700.0,587.0,47.0
Migosatl,Migos ATL,11900000,United States,3300000.0,131000.0,5300.0
TheDaniRep,DaniRep | +6 Vídeos Diarios De GTA 5 Online!,11900000,Mexico,349900.0,19500.0,346.0
colinfurze,colinfurze,11900000,United States,1100000.0,36800.0,1100.0
Planet Earth INDIA,Planet Earth INDIA,11900000,India,459800.0,18100.0,460.0
karameeshchannel,karameeshchannel,11900000,,389300.0,2900.0,0.0
RayWilliamJohnson,Ray William Johnson,11900000,United States,4000000.0,356500.0,1800.0
Lulu99,Lulu99,11900000,Colombia,591600.0,39800.0,2800.0
Dear Sir,Dear Sir,11900000,India,261399.0,15600.0,1200.0
officialjassrecords,Jass Records,11800000,India,223800.0,3500.0,410.0
YairAuriazul,Yair17,11800000,Mexico,324200.0,37600.0,972.0
disneyjunior,Disney Junior,11800000,,92500.0,270.0,0.0
ГЛЕНТ,ГЛЕНТ,11800000,Russia,3300000.0,281700.0,9500.0
Study IQ education,Study IQ education,11700000,India,11400.0,519.0,12.0
Más SKabeche,Más SKabeche,11700000,Mexico,793900.0,46900.0,945.0
My Mate Nate,My Mate Nate,11700000,Thailand,1400000.0,53800.0,2000.0
FrontaL Gaming,FrontaL Gaming,11700000,Indonesia,490800.0,35500.0,1800.0
Blockbuster Movies,Blockbuster Movies,11700000,India,118500.0,1100.0,23.0
JOJO TV - Hindi Stories,JOJO TV - Hindi Stories,11700000,India,122200.0,833.0,0.0
AvrilLavigne,Avril Lavigne,11700000,United States,2800000.0,130400.0,6500.0
Dani Russo Tv,Dani Russo Tv,11700000,Brazil,10900.0,1400.0,121.0
Wolfoo Channel,Wolfoo Channel,11700000,,1100000.0,6200.0,0.0
MORGENSHTERN,MORGENSHTERN,11700000,Russia,11000000.0,789900.0,54800.0
rebeccazamolo1,Rebecca Zamolo,11700000,United States,2800000.0,70600.0,6900.0
Ice Cream Rolls,Ice Cream Rolls,11700000,United States,50400.0,2200.0,112.0
TommyInnit,TommyInnit,11700000,United States,3400000.0,294600.0,14400.0
Morgz,Morgz,11700000,United States,0.0,0.0,0.0
TheInfographicsShow,The Infographics Show,11700000,United States,348800.0,10300.0,764.0
1veritasium,Veritasium,11700000,United States,3900000.0,169300.0,7800.0
Come Play With Me,Come Play With Me,11700000,,2700000.0,0.0,0.0
hamaarbhojpuri,T-Series Hamaar Bhojpuri,11700000,India,13500.0,177.0,17.0
Troom Troom India,Troom Troom India,11700000,India,452900.0,5100.0,230.0
YOLO AVENTURAS,YOLO AVENTURAS,11600000,Colombia,838400.0,74900.0,7000.0
TheDodoSite,The Dodo,11600000,United States,608900.0,22900.0,812.0
Panda,Panda,11600000,India,1100000.0,103700.0,1900.0
Troom Troom Indonesia,Troom Troom Indonesia,11600000,Indonesia,256700.0,2500.0,96.0
RaptorGamer,RaptorGamer,11500000,Mexico,741400.0,46500.0,1500.0
CrazyRussianHacker,CrazyRussianHacker,11500000,United States,75100.0,2300.0,139.0
Kluna Tik,Kluna Tik,11500000,United States,442100.0,5400.0,367.0
Codiscos,Codiscos,11500000,Colombia,9400.0,195.0,7.0
Garena Free Fire LATAM,Garena Free Fire LATAM,11500000,Mexico,277500.0,6100.0,222.0
LIV Crime,LIV Crime,11500000,India,271600.0,2600.0,72.0
hoiitsroi,Wassabi,11500000,United States,692400.0,47600.0,4800.0
Nat and Essie,Nat and Essie,11500000,,289200.0,1800.0,0.0
thinkmusicindia,Think Music India,11500000,India,75400.0,3200.0,106.0
The MriDul,The MriDul,11500000,India,8900000.0,293000.0,10300.0
BanderitaX,BanderitaX,11500000,Saudi Arabia,1400000.0,101200.0,3800.0
Americanvogue,Vogue,11500000,United States,324200.0,13300.0,412.0
luansantanaoficial,Luan Santana,11500000,Brazil,3400000.0,54900.0,4700.0
FIFATV,FIFA,11500000,United States,63400.0,1900.0,152.0
Davie504,Davie504,11500000,United States,2000000.0,194400.0,1400.0
Mor Haryanvi,Mor Haryanvi,11500000,India,3300000.0,49000.0,6300.0
ExpCaseros,ExpCaseros,11500000,Spain,54100.0,2300.0,98.0
TsMadaan,TsMadaan,11500000,India,64099.0,1500.0,102.0
Koo Koo TV - Hindi,Koo Koo TV - Hindi,11500000,India,442700.0,4500.0,88.0
CHHOTU KI MASTI,CHHOTU KI MASTI,11500000,India,5000000.0,47300.0,757.0
Mythpat,Mythpat,11500000,India,3000000.0,310400.0,11700.0
ndtv,NDTV,11400000,India,4900.0,84.0,19.0
Ya - Alisa,Ya - Alisa,11300000,,28600.0,126.0,0.0
Coke Studio,Coke Studio,11300000,Pakistan,185300.0,5400.0,208.0
DeGoBooM,DeGoBooM,11300000,Mexico,426000.0,16300.0,263.0
htbhakti,Sonotek Bhakti,11300000,India,101800.0,149.0,55.0
MrTimbaVk,Timba Vk,11300000,Mexico,1500000.0,63800.0,1600.0
Yudist Ardhana,Yudist Ardhana,11300000,Indonesia,330400.0,11200.0,451.0
elrubius,Rubius Z,11300000,Argentina,2300000.0,194600.0,2200.0
Trakin Tech,Trakin Tech,11300000,India,283100.0,21900.0,1100.0
FelipeViktor,LipaoGamer,11300000,Brazil,164500.0,12400.0,168.0
CaptainSparklez,CaptainSparklez,11300000,United States,111200.0,8000.0,436.0
ماشا و الدب,ماشا و الدب,11300000,,1300000.0,11600.0,0.0
MBCMASR,MBC مصر,11300000,Egypt,2700.0,51.0,4.0
eltreceok,El Trece,11300000,Argentina,3600.0,40.0,7.0
Infobells Bangla,Infobells Bangla,11300000,,529200.0,2300.0,0.0
MTV2,Wild 'N Out,11300000,United States,221000.0,4700.0,180.0
DANIEL EL TRAVIESO VIDEOS,DANIEL EL TRAVIESO VIDEOS,11300000,Colombia,959700.0,32200.0,1200.0
UnspeakableGaming,UnspeakableGaming,11300000,United States,857500.0,16500.0,783.0
luzugames,luzugames,11300000,Mexico,0.0,0.0,0.0
lokdhuntv,Wave Music Bhakti,11300000,India,7000.0,106.0,16.0
gmanews,GMA News,11300000,Philippines,4900.0,50.0,12.0
Sony Music South,Sony Music South,11300000,India,265300.0,5500.0,135.0
VyQwaint,Vy Qwaint,11200000,United States,2200000.0,43200.0,7000.0
Wolfoo Family,Wolfoo Family,11200000,,1500000.0,9000.0,0.0
KompasTVNews,KOMPASTV,11200000,Indonesia,5200.0,37.0,22.0
MaJa Tv Hindi Stories,MaJa Tv Hindi Stories,11200000,India,518700.0,5500.0,110.0
Hero Movies 2022,Hero Movies 2022,11100000,India,177700.0,1200.0,22.0
Rauw Alejandro,Rauw Alejandro,11100000,Peru,0.0,0.0,0.0
الجانب المُشرق | Bright Side Arabic,الجانب المُشرق | Bright Side Arabic,11100000,Egypt,24200.0,744.0,44.0
123 GO!,123 GO!,11100000,United States,656000.0,5900.0,183.0
TastyCompot,Compot,11100000,Russia,1700000.0,74400.0,2900.0
办公室小野 Ms Yeah,办公室小野 Ms Yeah,11100000,United States,232600.0,20000.0,61.0
epicfortnite,Fortnite,11100000,United States,321300.0,10300.0,433.0
Magic Five,Magic Five,11100000,Russia,4000000.0,230200.0,17100.0
Biperysusamigos,Biper y sus Amigos,11100000,,539500.0,0.0,0.0
crackrockcandy,Maymo,11100000,United States,328200.0,1300.0,67.0
FirstWeFeast,First We Feast,11100000,United States,308200.0,14100.0,689.0
realannoyingorange,Annoying Orange,11100000,United States,121500.0,2800.0,361.0
ElRinconDeGiorgio,El Rincón De Giorgio,11100000,Spain,1800000.0,170400.0,3100.0
ExplosmEntertainment,ExplosmEntertainment,11100000,United States,711200.0,45200.0,2200.0
Jaiden Animations,Jaiden Animations,11100000,United States,5600000.0,602700.0,94300.0
Emily Tube,Emily Tube,11100000,,0.0,0.0,0.0
yogawithadriene,Yoga With Adriene,11100000,United States,952000.0,19700.0,702.0
Mo Vlogs,Mo Vlogs,11100000,India,401500.0,24200.0,909.0
Star Casablanca | نجوم الدار البيضاء,Star Casablanca | نجوم الدار البيضاء,11100000,Iraq,46500.0,2200.0,164.0
BBCEarth,BBC Earth,11100000,United States,87700.0,2500.0,192.0
Morphle TV,Morphle TV,11100000,,112100.0,0.0,0.0
Free Fire India Official,Free Fire India Official,11100000,India,177700.0,15600.0,821.0
YMWayneCarter,Lil Wayne,11100000,United States,2000000.0,100100.0,4800.0
GoldminesAction,GoldminesAction,11100000,,8400.0,116.0,0.0
coisadenerd,Coisa de Nerd,11100000,Brazil,1100000.0,126100.0,3700.0
Vlad and Niki ESP,Vlad and Niki ESP,11100000,,1500000.0,8100.0,0.0
Alejo Igoa,Alejo Igoa,11000000,Argentina,4099999.0,142200.0,4000.0
Simone e Simaria,Simone e Simaria,10900000,Brazil,2400000.0,57200.0,1700.0
YoungBoy Never Broke Again,YoungBoy Never Broke Again,10900000,United States,7600000.0,274700.0,23200.0
TheViralFeverVideos,The Viral Fever,10900000,India,1900000.0,89400.0,3000.0
hawkrecord,Single Track Studio,10900000,India,989200.0,29800.0,439.0
Avocado Couple I Crazy Comics,Avocado Couple I Crazy Comics,10900000,United States,579100.0,5300.0,83.0
mirandasings08,Miranda Sings,10900000,United States,153900.0,10300.0,1100.0
watchcut,Cut,10900000,United States,409600.0,16900.0,762.0
oyabakatousan,"Sen, Momo, Ai & Shii's Channel",10900000,,92500.0,340.0,0.0
pocoyotv,POCOYÓ en ESPAÑOL - Canal Oficial,10900000,,130100.0,1400.0,0.0
MashaBearUkraine,Маша та Ведмідь,10900000,,218600.0,1200.0,0.0
chotoonz,Chotoonz TV - Funny Cartoons for Kids,10900000,,79600.0,0.0,0.0
Луномосик,Луномосик,10900000,Russia,2500000.0,83900.0,2900.0
barbie,Barbie,10900000,,161900.0,365.0,0.0
Technology Gyan,Technology Gyan,10900000,India,331200.0,26400.0,1400.0
TygaTygaTV,Tyga,10900000,United States,45600.0,3100.0,83.0
comedycentral,Comedy Central,10900000,United States,42400.0,924.0,50.0
DemolitionRanch,DemolitionRanch,10900000,United States,1600000.0,75400.0,5400.0
RapGeniusVideo,Genius,10900000,United States,52100.0,2200.0,144.0
WiederDude,WiederDude,10900000,United States,863000.0,17600.0,418.0
E-MasterSensei,E-MasterSensei,10900000,Mexico,1500000.0,103200.0,1300.0
CarryisLive,CarryisLive,10900000,India,916900.0,84100.0,389.0
Juanpa Zurita,Juanpa Zurita,10900000,Mexico,1900000.0,149400.0,4200.0
BakLol Video,BakLol Video,10900000,India,1400000.0,33400.0,1800.0
HellomaphieMX,HellomaphieMX,10900000,Mexico,654400.0,76000.0,284.0
Levinho,Levinho,10900000,India,304100.0,29300.0,850.0
jpgameplayfull,JP Plays,10900000,Brazil,112700.0,6000.0,207.0
Dan Rhodes,Dan Rhodes,10800000,India,334100.0,29600.0,211.0
geonews,Geo News,10800000,Pakistan,3800.0,53.0,5.0
ToysPlay,ToysPlay,10700000,,183400.0,1100.0,0.0
bharatzkitchen HINDI,bharatzkitchen HINDI,10700000,India,232900.0,6000.0,199.0
Área Secreta,Área Secreta,10700000,Brazil,0.0,0.0,0.0
Virgínia Fonseca,Virgínia Fonseca,10700000,Brazil,922600.0,78600.0,1400.0
programagalofrito,Galo Frito,10700000,Brazil,7700.0,777.0,19.0
FilmTheorists,The Film Theorists,10700000,United States,2200000.0,110300.0,5500.0
videogyan,Videogyan Nursery Rhymes - Kids Songs & Cartoons,10700000,,69000.0,318.0,0.0
GamesEduUu,Games EduUu,10700000,Brazil,1500000.0,218100.0,7700.0
MC Divertida,MC Divertida,10700000,,230300.0,2000.0,0.0
kidstvindia,Kids TV India Hindi Nursery Rhymes,10700000,,69700.0,327.0,0.0
TiempodeSol,Duo Tiempo De Sol,10700000,,423700.0,1600.0,0.0
"Baby Big Mouth Kids - Sing, Dance, Explore","Baby Big Mouth Kids - Sing, Dance, Explore",10700000,,1000.0,18.0,0.0
Quantum Tech HD,Quantum Tech HD,10700000,United States,1200000.0,7200.0,109.0
ComedyShortsGamer,Deji,10700000,United Kingdom,1500000.0,50700.0,3200.0
HikakinTV,HikakinTV,10700000,Japan,1200000.0,42600.0,1800.0
storybots,Netflix Jr.,10700000,,38600.0,105.0,0.0
GoProCamera,GoPro,10700000,United States,55300.0,2100.0,59.0
Slogomanify,Slogo,10700000,United States,387100.0,17800.0,424.0
tomiii 11,tomiii 11,10700000,Mexico,78500.0,9700.0,445.0
Narendra Modi,Narendra Modi,10700000,India,31500.0,1800.0,133.0
Dobre Brothers,Dobre Brothers,10700000,United States,284400.0,10200.0,381.0
OGGY,OGGY,10700000,,504300.0,5500.0,0.0
OYUNCAKOYNUYORUM,OYUNCAKOYNUYORUM,10700000,,311200.0,1100.0,0.0
Experienced Mojaraba TV,Experienced Mojaraba TV,10700000,United States,190700.0,5200.0,128.0
rangeldovine,Lucas Rangel,10600000,Brazil,169600.0,18200.0,69.0
NEXT9NEWS हर खबर आप तक,NEXT9NEWS हर खबर आप तक,10600000,India,1600.0,7.0,0.0
Jessica Jane,Jessica Jane,10500000,Indonesia,826400.0,46200.0,1100.0
Ceylin - H Official,Ceylin - H Official,10500000,Cyprus,73100.0,0.0,0.0
stampylonghead,stampylonghead,10500000,United States,155900.0,8200.0,759.0
Flamingo,Flamingo,10500000,United States,2100000.0,68300.0,7100.0
Golemcito Games,Golemcito Games,10500000,Peru,2800000.0,290000.0,6400.0
Daniel LaBelle,Daniel LaBelle,10500000,United States,5600000.0,273600.0,2400.0
Vox,Vox,10500000,United States,2300000.0,69300.0,3600.0
craftingeek,Craftingeek,10500000,Mexico,231200.0,9200.0,113.0
francinyehlke,Franciny Ehlke,10500000,Brazil,197200.0,19200.0,629.0
BuzzFeedYellow,As/Is,10500000,United States,27100.0,1100.0,12.0
doctruyencotich,Kênh Thiếu Nhi - BHMEDIA,10500000,United States,21300.0,94.0,0.0
ChillStepNation,Chill Nation,10500000,United States,53700.0,1100.0,46.0
Acenix,Acenix,10500000,Mexico,2400000.0,111000.0,2200.0
Taylor RS,Taylor RS,10500000,United States,39800.0,348.0,12.0
pinkfongko,핑크퐁 (인기 동요・동화),10500000,,66900.0,325.0,0.0
SaraBeautyCorner,"SaraBeautyCorner - DIY, Comedy, Makeup, Nail Art",10500000,United States,133300.0,7600.0,722.0
WarnerBrosPictures,Warner Bros. Pictures,10500000,United States,424800.0,17700.0,861.0
Google,Google,10500000,United States,11600.0,158.0,15.0
redbull,Red Bull,10500000,United States,292500.0,5200.0,246.0
LA DIVAZA,LA DIVAZA,10500000,Mexico,0.0,0.0,0.0
CJENMMUSIC,Stone Music Entertainment,10500000,United States,8400.0,719.0,34.0
telugufilmnagar,Telugu Filmnagar,10500000,India,4500.0,71.0,2.0
brancoala,Brancoala,10500000,Brazil,398200.0,8200.0,202.0
Kids smile TV,Kids smile TV,10500000,,227500.0,1400.0,0.0
soicon295,Magnet World,10500000,United States,12600.0,423.0,5.0
Sidhu Moose Wala,Sidhu Moose Wala,10400000,India,3900000.0,336000.0,59000.0
AlArabiya,AlArabiya العربية,10400000,Morocco,6300.0,92.0,22.0
Troom Troom Arabic,Troom Troom Arabic,10300000,Egypt,558900.0,9100.0,184.0
MeKcanal,Matheus e Kauan,10300000,Brazil,6200.0,663.0,11.0
DuDuPopTOY,DuDuPopTOY,10300000,,16100.0,374.0,0.0
Playing with Rafael,Playing with Rafael,10300000,Brazil,3900.0,25.0,0.0
Jamuna TV,Jamuna TV,10300000,Bangladesh,60100.0,1500.0,96.0
Cris Devil Gamer,Cris Devil Gamer,10300000,United States,460500.0,19900.0,669.0
prantoniojunior,Pastor Antônio Júnior,10300000,Brazil,341000.0,79900.0,8800.0
Pari's Lifestyle,Pari's Lifestyle,10300000,India,545600.0,12100.0,113.0
sbtthenoite,The Noite com Danilo Gentili,10300000,Brazil,26400.0,1400.0,42.0
HISHEdotcom,How It Should Have Ended,10300000,United States,903900.0,33900.0,1300.0
penguinz0,penguinz0,10300000,United States,1400000.0,49300.0,2600.0
destinws2,SmarterEveryDay,10300000,United States,1900000.0,72200.0,4700.0
Flowers Comedy,Flowers Comedy,10300000,India,124500.0,2000.0,126.0
lucygerardi43,Luli Pampín,10300000,,546600.0,3100.0,0.0
cbstvdinsideedition,Inside Edition,10300000,United States,213100.0,5500.0,684.0
Oum Walid,Oum Walid,10300000,Algeria,527800.0,29400.0,1600.0
Lofi Girl,Lofi Girl,10300000,United States,96900.0,3800.0,179.0
TwinRoozi 쌍둥이 루지,TwinRoozi 쌍둥이 루지,10300000,Indonesia,197500.0,0.0,0.0
infobellskannada,infobells - Kannada,10300000,,759400.0,3300.0,0.0
Mrwhosetheboss,Mrwhosetheboss,10300000,United States,2700000.0,152900.0,10100.0
TikTak Draw,TikTak Draw,10300000,Mexico,120900.0,7700.0,345.0
sagahits,SagaHits,10300000,India,45300.0,1200.0,51.0
Sab kuchh sikho jano,Sab kuchh sikho jano,10200000,India,28800.0,1500.0,61.0
zeetamil,Zee Tamil,10200000,India,85000.0,1600.0,13.0
Milena Stepanienco - MILENINHA,Milena Stepanienco - MILENINHA,10200000,Brazil,342500.0,2600.0,0.0
Wylsacom,Wylsacom,10200000,Russia,946900.0,38800.0,6900.0
TWO SIDE GAMERS,TWO SIDE GAMERS,10100000,India,681400.0,62300.0,1600.0
aljazeerachannel,AlJazeera Channel قناة الجزيرة,10100000,Morocco,36700.0,485.0,89.0
cleanbandit,Clean Bandit,10100000,United States,64800.0,2100.0,100.0
JessicaJulioeBaby,Laurinha e Helena - Clubinho da Laura,10100000,Brazil,246100.0,5700.0,176.0
Rawan and Rayan,Rawan and Rayan,10100000,Algeria,1000000.0,61500.0,4400.0
T-STUDIO,T-STUDIO,10100000,United States,50200.0,4900.0,15.0
TV9 Bharatvarsh,TV9 Bharatvarsh,10100000,India,27900.0,484.0,19.0
AsapSCIENCE,AsapSCIENCE,10100000,United States,772000.0,55800.0,1800.0
Caso Cerrado,Caso Cerrado,10100000,Mexico,410700.0,4700.0,174.0
DalasReview,Dalas Review,10100000,Mexico,684700.0,82100.0,9700.0
francoescamilla,Franco Escamilla,10100000,Mexico,450000.0,16200.0,352.0
Pinkfong en español - Canciones Infantiles,Pinkfong en español - Canciones Infantiles,10100000,,44900.0,156.0,0.0
BE AMAZED,BE AMAZED,10100000,United States,577000.0,14100.0,762.0
Pen Multiplex,Pen Multiplex,10100000,India,10300.0,60.0,5.0
0214mex,はじめしゃちょー（hajime）,10100000,Japan,1200000.0,34200.0,1300.0
Republic Bharat,Republic Bharat,10100000,India,15400.0,0.0,17.0
Captain Watch Hits,Captain Watch Hits,10100000,India,41200.0,234.0,6.0
Влад и Никита,Влад и Никита,10100000,,1000000.0,6000.0,0.0
Dynamo Gaming,Dynamo Gaming,10100000,India,497900.0,58500.0,261.0
TomorrowlandChannel,Tomorrowland,10100000,Brazil,19400.0,914.0,50.0
VitalyzdTv,VitalyzdTv,10100000,United States,67900.0,1200.0,236.0
вДудь,вДудь,10100000,Russia,16800000.0,615500.0,89400.0
atv,atv,10100000,Turkey,41200.0,420.0,25.0
Rachit Rojha,Rachit Rojha,10100000,India,5200000.0,101800.0,4400.0
ChuChuTV Hindi,ChuChuTV Hindi,10100000,,160600.0,1000.0,0.0
MTV,MTV,10100000,United States,6700.0,343.0,23.0
Hindi Kahaniya,Hindi Kahaniya,10100000,India,159200.0,1900.0,52.0
ctctv,СТС,10100000,Russia,19000.0,168.0,13.0
Luan Palomera,Luan Palomera,10100000,Mexico,757500.0,40200.0,1600.0
Hindi Fairy Tales,Hindi Fairy Tales,10100000,India,557200.0,9300.0,0.0
Hindi Countdown,Hindi Countdown,10100000,India,3600000.0,89600.0,3000.0
Diana and Roma IND,Diana and Roma IND,10100000,,294000.0,1800.0,0.0
Lorrayne Oliveira,Lorrayne Oliveira,10100000,Brazil,281500.0,17500.0,502.0
Busy Fun Ltd,Busy Fun Ltd,10100000,India,2400000.0,13900.0,334.0
Goldmines Housefull,Goldmines Housefull,10000000,,13400.0,0.0,0.0
RDCGujarati,RDC Gujarati,10000000,India,26100.0,808.0,26.0
Wolfoo's stories,Wolfoo's stories,10000000,,724300.0,4200.0,0.0
Juice WRLD,Juice WRLD,10000000,United States,7600000.0,308300.0,19400.0
jordanmatter,Jordan Matter,10000000,United States,4900000.0,137000.0,12500.0
whoisjimmy,How Ridiculous,9900000,United States,25500000.0,750300.0,5200.0
BestCodComedy,BCC Gaming,9900000,United States,2300.0,75.0,8.0
familyfunpack,Family Fun Pack,9900000,United States,114500.0,2200.0,273.0
makebymarimaria,Mari Maria,9900000,Brazil,132100.0,13800.0,436.0
Toymong tv 토이몽TV,Toymong tv 토이몽TV,9900000,,27100.0,211.0,0.0
BERTH-OH,BERTH-OH,9900000,Mexico,520000.0,24600.0,591.0
Comedy Captain,Comedy Captain,9900000,India,16300.0,127.0,3.0
Joe HaTTab,Joe HaTTab,9900000,Saudi Arabia,3500000.0,233200.0,15900.0
NASAtelevision,NASA,9900000,United States,92600.0,4200.0,0.0
historychannel,HISTORY,9900000,United States,71200.0,1300.0,108.0
MSA previously My Story Animated,MSA previously My Story Animated,9900000,United States,5400000.0,154000.0,4800.0
Nirahua Music World,Nirahua Music World,9900000,India,112600.0,5000.0,152.0
Nickelodeon,Nickelodeon,9900000,,60000.0,767.0,0.0
Will Smith,Will Smith,9900000,United States,332200.0,10500.0,5500.0
Heroine Movies 2022,Heroine Movies 2022,9900000,India,151900.0,1100.0,22.0
WAMIndiaMovies,Wamindia Movies,9900000,India,138500.0,2200.0,41.0
shrutiarjunanand,Shruti Arjun Anand,9800000,India,1500000.0,47100.0,1500.0
barcroftmedia,truly,9800000,United States,105000.0,0.0,382.0
5-Minute Recipes,5-Minute Recipes,9800000,India,76400.0,860.0,15.0
rathorvideo,Rathore Cassettes,9800000,India,13500.0,134.0,13.0
buzzfeedblue,BuzzFeed Multiplayer,9800000,United States,8500.0,342.0,79.0
5-Minute Crafts LIKE,5-Minute Crafts LIKE,9800000,United States,48300.0,394.0,8.0
panicopgm,Programa Pânico Lab,9800000,Brazil,22900.0,1100.0,27.0
RUOK FF,RUOK FF,9800000,Brazil,687000.0,80700.0,4000.0
htv2channel,Vie Channel - HTV2,9800000,United States,8500.0,114.0,7.0
KiKiDo,KiKiDo,9800000,Russia,1700000.0,44000.0,1500.0
MBCkpop,MBCkpop,9800000,Philippines,19000.0,925.0,87.0
Receitas de Pai,Receitas de Pai,9800000,Brazil,99000.0,13000.0,336.0
TheSyndicateProject,Syndicate,9800000,United States,157700.0,4900.0,1300.0
Family Box,Family Box,9800000,Russia,510700.0,9700.0,483.0
Sơn Tùng M-TP Official,Sơn Tùng M-TP Official,9800000,United States,61200.0,4600.0,233.0
Peppa Pig Hindi,Peppa Pig Hindi,9800000,,338900.0,2500.0,0.0
Vlad and Niki PRT,Vlad and Niki PRT,9700000,,1800000.0,0.0,0.0
OneRepublic,OneRepublic,9700000,United States,9900.0,749.0,21.0
BBCArabicNews,BBC News عربي,9700000,Egypt,38500.0,736.0,145.0
The Daily Show with Trevor Noah,The Daily Show with Trevor Noah,9700000,United States,497400.0,10200.0,1100.0
Islam Populer,Islam Populer,9700000,Indonesia,82300.0,2100.0,164.0
Viki Show,Viki Show,9700000,Russia,2800000.0,109600.0,3100.0
Raditya Dika,Raditya Dika,9700000,Indonesia,179200.0,7800.0,299.0
mrplotvideos,Mundo Bita,9700000,,505900.0,4900.0,0.0
مصطفى GAME OVER,مصطفى GAME OVER,9700000,Iraq,658900.0,74900.0,2900.0
ChennaiExp2013,Red Chillies Entertainment,9700000,India,28400.0,990.0,72.0
MrGustavoParodias,Gustavo Paródias,9700000,Brazil,214500.0,22000.0,367.0
ChuChuTV Español,ChuChuTV Español,9700000,,35000.0,204.0,0.0
welovekamikaze,welovekamikaze,9700000,Thailand,3000.0,132.0,4.0
singkingkaraoke,Sing King,9700000,United States,10800.0,157.0,17.0
EugenBro,EugenBro,9700000,Russia,724300.0,36500.0,2700.0
KapilComedyNights,Colors Rishtey,9700000,India,247300.0,1700.0,20.0
Larva2011ani,Larva TUBA,9600000,United States,21800.0,259.0,12.0
Netflix Latinoamérica,Netflix Latinoamérica,9600000,Mexico,20300.0,993.0,76.0
ThePersica,Orkun Işıtmak,9600000,Turkey,1700000.0,75500.0,2100.0
TeremokTV,Теремок ТВ,9600000,,117300.0,546.0,0.0
Prince Royce,Prince Royce,9600000,United States,7000000.0,160800.0,3600.0
قناة وناسة -  Wanasah TV,قناة وناسة -  Wanasah TV,9600000,,12400000.0,78200.0,0.0
Heidi y Zidane en español,Heidi y Zidane en español,9600000,,339400.0,2200.0,0.0
SerbianGamesBL2,Life Hacks & Experiments,9600000,United States,42500.0,194.0,14.0
mainaCassette,Haryanvi Maina,9600000,India,6300.0,55.0,4.0
mamilosmolengas,Mussoumano,9600000,Brazil,860500.0,88200.0,3600.0
sadhguru,Sadhguru,9600000,India,196700.0,9600.0,186.0
Sonotek Haryanvi,Sonotek Haryanvi,9600000,India,11300.0,192.0,21.0
Survival Builder,Survival Builder,9600000,United States,151600.0,3300.0,134.0
luisitorey,luisitorey,9600000,Mexico,33100.0,2200.0,48.0
Bispo Bruno Leonardo,Bispo Bruno Leonardo,9600000,Brazil,577900.0,208700.0,139800.0
bgfilms,Babish Culinary Universe,9600000,United States,817900.0,34400.0,1200.0
5-Minute Crafts TEENS,5-Minute Crafts TEENS,9600000,India,23800.0,386.0,13.0
BIBI,BIBI,9600000,Brazil,30800.0,3000.0,51.0
ZarcortGame,ZarcortGame,9500000,Mexico,111000.0,15300.0,538.0
DELRECORDS,DEL Records,9500000,Mexico,289000.0,12800.0,200.0
ehbeefamily,The Bee Family,9500000,United States,58000.0,2600.0,170.0
Eagle Home Entertainments,Eagle Home Entertainments,9500000,India,3000.0,27.0,0.0
Ben Azelart,Ben Azelart,9500000,United States,2300000.0,89300.0,31100.0
PicaPicaVEVO,Pica - Pica Oficial,9500000,,211500.0,519.0,0.0
Talent Recap,Talent Recap,9500000,United States,33500.0,328.0,29.0
lincolnvelasquez,Cong TV,9500000,Philippines,2500000.0,163600.0,4200.0
Garena Free Fire Brasil,Garena Free Fire Brasil,9500000,Brazil,200900.0,3100.0,302.0
InquisitorMaster,InquisitorMaster,9500000,United States,544300.0,20500.0,1300.0
Niki and Gabi,Niki and Gabi,9500000,United States,485500.0,25200.0,531.0
منوعات الكوميديا العراقية,منوعات الكوميديا العراقية,9500000,Iraq,1400000.0,78500.0,1700.0
TopMovieClips,TopMovieClips,9500000,United States,268300.0,5400.0,190.0
timesmusicindia,Times Music,9500000,India,456100.0,10300.0,178.0
DaBaby,DaBaby,9500000,United States,976400.0,36400.0,1300.0
Dharma Productions,Dharma Productions,9500000,India,20400.0,1200.0,44.0
IniTalkShow,Ini Talk Show,9500000,Indonesia,0.0,0.0,0.0
BETO GAMER,BETO GAMER,9500000,Brazil,448900.0,28100.0,372.0
MrStiven Tc,MrStiven Tc,9500000,Colombia,671700.0,66900.0,352.0
NetflixBRA,Netflix Brasil,9400000,Brazil,23300.0,1600.0,90.0
JoeyGraceffa,Joey Graceffa,9400000,United States,317900.0,23300.0,2900.0
aanandaaudio,Anand Audio,9400000,India,132300.0,3600.0,126.0
sonyliv,SonyLIV,9400000,India,3400.0,56.0,3.0
서은이야기[SeoeunStory],서은이야기[SeoeunStory],9400000,,36500.0,176.0,0.0
Grandpa Kitchen,Grandpa Kitchen,9400000,United States,162700.0,8600.0,318.0
MrMuselk,Muselk,9400000,United States,465500.0,19600.0,636.0
JoshDub,JoshDub,9400000,United States,0.0,0.0,0.0
BrPVPHu3,João Caetano,9400000,Brazil,755500.0,69100.0,1200.0
Power Vision,Power Vision,9400000,United States,24100.0,428.0,4.0
N1Noobtubers,웃웃TwinsFromRussia,9400000,India,55600.0,3600.0,19.0
bhaktisongs,Shemaroo Bhakti,9400000,India,2800.0,45.0,6.0
The Voice Global,The Voice Global,9400000,United States,320800.0,4100.0,87.0
POPSVIETNAM,POPS MUSIC,9400000,United States,7700.0,217.0,4.0
CRACKS,CRACKS,9400000,Colombia,21300.0,2000.0,139.0
hasanjr11,hasanjr11,9400000,Indonesia,23000.0,2300.0,208.0
Adriana Show,Adriana Show,9400000,,53800.0,0.0,0.0
Cleo y Cuquin - Canciones infantiles,Cleo y Cuquin - Canciones infantiles,9400000,,225100.0,1000.0,0.0
efdewe,efdewe,9300000,Indonesia,195000.0,11200.0,670.0
SAS-ASMR,SAS-ASMR,9300000,United States,216700.0,7300.0,238.0
fozimozi,Fozi Mozi,9300000,,273100.0,3200.0,0.0
sonotektv,Sonotek Music,9300000,India,1600000.0,34500.0,1000.0
TeremokSongs,Теремок - Песенки для детей,9300000,Russia,115400.0,615.0,0.0
YFrostA,FROST,9300000,Russia,560500.0,48500.0,1800.0
DreamworksAnimation,Peacock Kids,9300000,,12200.0,47.0,0.0
RSVDO,rsfriends,9300000,Thailand,4400.0,118.0,12.0
Classic Mr Bean,Classic Mr Bean,9300000,India,86000.0,1000.0,47.0
LetDa Hyper,LetDa Hyper,9300000,Indonesia,95000.0,5200.0,332.0
brunoberti10,Irmãos Berti,9300000,Brazil,116300.0,7000.0,194.0
Karina Garcia,Karina Garcia,9300000,United States,220800.0,9200.0,301.0
Bhojpuri Movies,Bhojpuri Movies,9300000,India,4200000.0,14900.0,142.0
Dolly and Friends,Dolly and Friends,9300000,,415300.0,2700.0,0.0
PlaticaPolinesa,PlaticaPolinesia,9300000,Mexico,38500.0,3900.0,370.0
Bessan Ismail - بيسان اسماعيل,Bessan Ismail - بيسان اسماعيل,9300000,Iraq,1900000.0,175100.0,13000.0
FoxNewsChannel,Fox News,9300000,United States,207100.0,5100.0,1800.0
RoosterTeeth,Rooster Teeth,9300000,United States,40800.0,1300.0,136.0
Rayito,Rayito,9300000,Mexico,7600.0,306.0,33.0
[햄지]Hamzy,[햄지]Hamzy,9300000,United States,2500000.0,55800.0,1600.0
monsta,Monsta,9200000,Indonesia,44800.0,1200.0,0.0
Soothing Relaxation,Soothing Relaxation,9200000,United States,112300.0,3600.0,258.0
NFL,NFL,9200000,United States,107300.0,1800.0,206.0
FilterCopy,FilterCopy,9200000,India,723400.0,24300.0,326.0
Thơ Nguyễn,Thơ Nguyễn,9200000,United States,266600.0,3900.0,194.0
Troom Troom SELECT,Troom Troom SELECT,9200000,United States,342700.0,4000.0,93.0
chetakvideo,Chetak,9200000,India,15600.0,308.0,10.0
Denis,Denis,9200000,United States,194200.0,9100.0,461.0
cartoonnetworkuk,Cartoon Network UK,9200000,,47300.0,387.0,0.0
Tom Slime,Tom Slime,9200000,United States,21000.0,206.0,10.0
FutParódias,FutParódias,9200000,Brazil,1400000.0,110100.0,2500.0
EL GATO,EL GATO,9200000,Brazil,243800.0,30700.0,636.0
CinemaSins,CinemaSins,9200000,United States,296000.0,10200.0,874.0
CricketICC,ICC,9200000,India,15200.0,854.0,58.0
BRKsEDU,BRKsEDU,9200000,Brazil,112300.0,9800.0,246.0
