nome_canal,perfil_canal,pais,inscritos,avg_views,avg_likes,avg_comments
T-Series,tseries,India,224400000,141500.0,4600.0,125.0
Cocomelon - Nursery Rhymes,checkgate,,142500000,12500000.0,64800.0,0.0
PewDiePie,PewDiePie,United States,111600000,1900000.0,130500.0,7400.0
MrBeast,MrBeast6000,United States,104100000,44800000.0,2200000.0,70900.0
✿ Kids Diana Show,✿ Kids Diana Show,,100500000,6900000.0,34800.0,0.0
Like Nastya,Like Nastya,,100400000,5300000.0,28100.0,0.0
WWE,WWEFanNation,United States,90800000,139500.0,4800.0,205.0
Zee Music Company,zeemusiccompany,India,87700000,103700.0,1400.0,54.0
Vlad and Niki,Vlad and Niki,,86100000,5300000.0,14400.0,0.0
BLACKPINK,BLACKPINK,United States,80300000,10400000.0,1400000.0,42000.0
5-Minute Crafts,5-Minute Crafts,India,77300000,214100.0,1800.0,77.0
Goldmines,GoldminesTelefilms,India,75700000,141900.0,2100.0,56.0
Sony SAB,sabtv,India,71700000,61700.0,924.0,18.0
BANGTANTV,BANGTANTV,India,70600000,3900000.0,743300.0,15800.0
HYBE LABELS,ibighit,United States,68200000,1000000.0,173100.0,4500.0
Canal KondZilla,CanalKondZilla,Brazil,66000000,37400.0,1700.0,109.0
Zee TV,zeetv,India,63400000,109400.0,1100.0,15.0
Shemaroo Filmi Gaane,filmigaane,India,61800000,30400.0,273.0,14.0
Pinkfong Baby Shark - Kids' Songs & Stories,SmartBooksMedia,,60000000,523200.0,1300.0,0.0
ChuChu TV Nursery Rhymes & Kids Songs,ChuChu TV Nursery Rhymes & Kids Songs,,58400000,758800.0,3600.0,0.0
Dude Perfect,corycotton,United States,58300000,6400000.0,206700.0,7900.0
Movieclips,movieclips,United States,57800000,18800.0,181.0,11.0
Colors TV,colorstv,India,56000000,19300.0,407.0,5.0
Marshmello,Marshmello,United States,55900000,197900.0,13200.0,729.0
Wave Music,BHOJPURIWAVE,,53900000,56600.0,857.0,94.0
Tips Official,tipsmusic,India,53500000,233300.0,2800.0,60.0
Aaj Tak,aajtaktv,India,53400000,7500.0,138.0,11.0
EminemMusic,EminemMusic,United States,53300000,1600000.0,90600.0,5300.0
T-Series Bhakti Sagar,tseriesbhakti,India,53300000,45600.0,1300.0,53.0
Sony Music India,sonymusicindiaSME,India,53000000,451400.0,15900.0,1100.0
Ed Sheeran,EdSheeran,United States,52400000,239100.0,20900.0,1100.0
El Reino Infantil,ReinoMariaElenaWalsh,,52300000,234600.0,894.0,0.0
LooLoo Kids - Nursery Rhymes and Children's Songs,LooLooKids,United States,50200000,1100000.0,5700.0,0.0
YRF,yrf,India,48200000,67200.0,3400.0,19.0
BillionSurpriseToys - English Kids Songs & Cartoon,BillionSurpriseToys - English Kids Songs & Cartoon,,47300000,399900.0,0.0,0.0
Infobells - Hindi,infobellshindirhymes,India,46400000,967000.0,4800.0,0.0
JuegaGerman,JuegaGerman,Mexico,46400000,1700000.0,114400.0,3900.0
Badabun,Badabun,Mexico,45800000,9400.0,447.0,8.0
Fernanfloo,Fernanfloo,Mexico,45200000,3300000.0,0.0,26600.0
Felipe Neto,felipeneto,Brazil,44400000,1000000.0,124500.0,1300.0
BRIGHT SIDE,BRIGHT SIDE,United States,44000000,51300.0,1400.0,116.0
whinderssonnunes,whinderssonnunes,Brazil,44000000,350900.0,58800.0,1600.0
Você Sabia?,vcsabiavideos,Brazil,43500000,488200.0,46400.0,228.0
Bad Bunny,Bad Bunny,Mexico,43300000,41300000.0,1400000.0,62000.0
SonyMusicIndiaVEVO,sonymusicindiaVEVO,India,43200000,76800.0,2400.0,93.0
Get Movies,getmovies,,41900000,60400.0,375.0,0.0
A4,A4,Russia,41700000,10000000.0,483600.0,30400.0
Like Nastya Show,Like Nastya Show,,41600000,121600.0,786.0,0.0
Speed Records,speedrecordss,India,41100000,47500.0,1500.0,76.0
ABS-CBN Entertainment,ABSCBNOnline,Philippines,41000000,1200.0,19.0,0.0
Shemaroo,ShemarooEnt,India,40600000,8900.0,65.0,4.0
elrubiusOMG,elrubiusOMG,Spain,40500000,0.0,0.0,0.0
Little Baby Bum - Nursery Rhymes & Kids Songs,LittleBabyBum,,39800000,218600.0,532.0,0.0
Voot Kids,Voot Kids,,39400000,1500000.0,11800.0,0.0
Luisito Comunica,LuisitoComunicaa,Mexico,39400000,4000000.0,124200.0,3900.0
Маша и Медведь,MashaMedvedTV,,38900000,1500000.0,7800.0,0.0
TheEllenShow,TheEllenShow,United States,38300000,16100.0,411.0,40.0
Ishtar Music,venus,India,38100000,54500.0,1300.0,17.0
LUCCAS NETO - LUCCAS TOON,luccasneto,Brazil,37900000,923800.0,16400.0,0.0
GR6 EXPLODE,gr6explode,Brazil,37900000,75200.0,4800.0,133.0
Kimberly Loaiza,Kimberly Loaiza,Mexico,37500000,2000000.0,389700.0,4100.0
Shakira,shakira,United States,37500000,2100000.0,0.0,2400.0
WorkpointOfficial,WorkpointOfficial,Thailand,37300000,10600.0,168.0,5.0
Daddy Yankee,DaddyYankeeOFFTV,Colombia,36900000,0.0,0.0,0.0
Toys and Colors,Toys and Colors,,36900000,2700000.0,4500.0,0.0
CarryMinati,AddictedA1,India,36700000,24700000.0,4400000.0,170900.0
TEDx Talks,TEDxTalks,United States,36200000,205.0,4.0,0.0
shfa2 - شفا,shfa2 - شفا,,36100000,326000.0,3200.0,0.0
shfa,shfa,France,36100000,3700000.0,52900.0,0.0
Jkk Entertainment,Jkk Entertainment,India,36000000,3900000.0,32600.0,450.0
Masha and The Bear,Masha and The Bear,,35700000,1800000.0,7600.0,0.0
Super Simple Songs - Kids Songs,SuperSimpleSongs,,35600000,1800000.0,3800.0,0.0
Ozuna,Ozuna,United States,35300000,27300000.0,116700.0,4100.0
Goldmines Gaane Sune Ansune,Goldmines Gaane Sune Ansune,India,34800000,33100.0,271.0,14.0
one31,gmmonetv,Thailand,34600000,6600.0,127.0,2.0
Mikecrack,Mikecrack,Mexico,34500000,2800000.0,334800.0,6100.0
Like Nastya ESP,Like Nastya ESP,,34100000,372400.0,1200.0,0.0
Maria Clara & JP,Maria Clara & JP,,33600000,5900000.0,40000.0,0.0
YouTube,YouTube,United States,33600000,258800.0,0.0,0.0
Markiplier,markiplierGAME,United States,33600000,2600000.0,145900.0,5800.0
VEGETTA777,vegetta777,Mexico,33600000,766500.0,57400.0,416.0
Total Gaming,Total Gaming,India,33500000,1200000.0,127400.0,6300.0
ARY Digital HD,ARY Digital HD,Pakistan,33500000,10400.0,121.0,6.0
ABP NEWS,abpnewstv,India,33500000,3500.0,43.0,4.0
Desi Music Factory,Desi Music Factory,India,33200000,3200000.0,4400.0,2500.0
Ultra Bollywood,UltraHindi,India,33100000,24900.0,217.0,9.0
Sony PAL,sonypalindia,India,33100000,9100.0,104.0,8.0
Geet MP3,Geet MP3,India,33100000,341800.0,22800.0,1200.0
NoCopyrightSounds,NoCopyrightSounds,United States,32900000,362500.0,15600.0,1200.0
Ryan's World,Ryan's World,,32900000,826900.0,4100.0,0.0
HAR PAL GEO,harpalgeo,Pakistan,32799999,5000.0,44.0,2.0
SSSniperWolf,SSSniperWolf,United States,32700000,3900000.0,107200.0,6900.0
T-Series Apna Punjab,tseriesapnapunjab,India,32600000,30000.0,1600.0,31.0
IndiaTV,IndiaTV,India,32400000,8600.0,134.0,12.0
KHANDESHI MOVIES,KHANDESHI MOVIES,India,32299999,4500000.0,36700.0,579.0
La Granja de Zenón,cancionesdelagranja,,31800000,668200.0,2900.0,0.0
GENIAL,GENIAL,Mexico,31500000,51500.0,1800.0,68.0
Eros Now Music,erosentertainment,India,31200000,20500.0,552.0,22.0
Galinha Pintadinha,juptube,,31100000,21700000.0,64900.0,0.0
Bollywood Classics,tseriesoldisgold,India,31000000,30700.0,547.0,28.0
Luis Fonsi,Luis Fonsi,United States,31000000,34800.0,3100.0,69.0
SMTOWN,SMTOWN,United States,31000000,326000.0,51400.0,1600.0
Selena Gomez,SelGomez,United States,30900000,347900.0,38600.0,796.0
Mr Bean,MrBean,India,30800000,191100.0,2700.0,80.0
Rajshri,rajshri,India,30600000,18500.0,145.0,8.0
Ricis Official,Ricis Official,Indonesia,30600000,621600.0,27300.0,789.0
Trap Nation,AllTrapNation,United States,30400000,74900.0,2600.0,96.0
DisneyMusicVEVO,DisneyMusicVEVO,United States,30300000,295200.0,6100.0,393.0
The Tonight Show Starring Jimmy Fallon,latenight,United States,30200000,166500.0,5600.0,171.0
Saregama Music,SongsOfIndianCinema,India,30100000,26600.0,967.0,11.0
AH,AH,Indonesia,30000000,831500.0,37300.0,2600.0
Spinnin' Records,SpinninRec,United States,29800000,56000.0,2600.0,74.0
rezendeevil,rezendeevil,Brazil,29600000,293400.0,28500.0,742.0
BabyBus - Kids Songs and Cartoons,BabyBus - Kids Songs and Cartoons,,29600000,792600.0,4500.0,0.0
The Weeknd,xoxxxoooxo,United States,29500000,652500.0,50100.0,2400.0
Jingle Toons,Jingle Toons,India,29100000,82500.0,830.0,10.0
PowerKids TV,PowerKids,India,29100000,83500.0,0.0,0.0
Worldwide Records Bhojpuri,WWRBhojpuri,India,29000000,85500.0,2300.0,103.0
ImagineDragons,ImagineDragons,United States,28800000,133500.0,13700.0,151.0
Vlad và Nikita,Vlad và Nikita,,28800000,3300000.0,24600.0,0.0
MrBeast Gaming,MrBeast Gaming,United States,28800000,8800000.0,419900.0,16500.0
Ultra Music,UltraRecords,United States,28800000,22800.0,824.0,41.0
jacksepticeye,jacksepticeye,United States,28800000,2300000.0,125600.0,6200.0
Maluma,Maluma,Colombia,28800000,45600.0,2600.0,202.0
Techno Gamerz,Techno Gamerz,India,28600000,4000000.0,319500.0,15400.0
Peppa Pig - Official Channel,theofficialpeppa,,28500000,886300.0,4200.0,0.0
Wow Kidz,Wow Kidz,,28300000,57700.0,643.0,0.0
قناة طيور الجنة | toyoraljanahtv,toyoraljanahtv,,28300000,252300.0,0.0,0.0
DONA 도나,DONA 도나,United States,28200000,0.0,0.0,0.0
Talking Tom,TalkingTomCat,United States,28100000,769900.0,839.0,0.0
Little Angel: Nursery Rhymes & Kids Songs,Little Angel: Nursery Rhymes & Kids Songs,,28000000,1300000.0,7400.0,0.0
KAROL G,Karolgmusic,Colombia,28000000,51800000.0,1700000.0,96200.0
The Late Late Show with James Corden,TheLateLateShow,United States,28000000,86700.0,2300.0,130.0
GMANetwork,GMANETWORK,Philippines,27900000,3200.0,78.0,2.0
MR. INDIAN HACKER,MR. INDIAN HACKER,India,27400000,5600000.0,451900.0,18500.0
TheDonato,TheDonato,Mexico,27300000,380600.0,34200.0,678.0
Zee News,zeenews,India,27200000,10800.0,202.0,14.0
infobells - Tamil,infobellstamil,,27200000,375200.0,1800.0,0.0
Genevieve's Playhouse - Learning Videos for Kids,Genevieve's Playhouse - Learning Videos for Kids,,27100000,1300000.0,1200.0,0.0
Diana and Roma ESP,Diana and Roma ESP,,26700000,728900.0,3900.0,0.0
ToypuddingTV,toypudding,India,26600000,5300.0,32.0,1.0
व्लाद और निकिता,व्लाद और निकिता,,26600000,460000.0,3900.0,0.0
Bounce Patrol - Kids Songs,Bounce Patrol - Kids Songs,,26600000,1000000.0,5900.0,0.0
Aditya Music,adityamusic,India,26500000,16800.0,359.0,17.0
infobells - Telugu,infobellstelugu,,26400000,305900.0,1400.0,0.0
enchufetv,enchufetv,Ecuador,26400000,178200.0,14400.0,71.0
DanTDM,TheDiamondMinecart,United States,26300000,1600000.0,48400.0,5100.0
WORLDSTARHIPHOP,WorldStarHipHopTV,United States,26100000,34600.0,1100.0,86.0
toycantando,toycantando,,25900000,99700.0,481.0,0.0
VanossGaming,VanossGaming,United States,25800000,1000000.0,45600.0,647.0
1MILLION Dance Studio,1MILLION Dance Studio,India,25700000,48600.0,2500.0,36.0
Renato Garcia,xSkyHeLLxx,Brazil,25700000,1100000.0,97900.0,1500.0
LosPolinesios,LosPolinesios,Mexico,25700000,1700000.0,62000.0,2200.0
JYP Entertainment,jypentertainment,United States,25500000,219800.0,24100.0,1300.0
BB Ki Vines,BB Ki Vines,India,25500000,6700000.0,870800.0,73300.0
Lucas and Marcus,TwiNboTzVids,United States,25500000,1000000.0,25700.0,1200.0
Nick Jr.,nickelodeonjuniorfr,,25400000,76300.0,241.0,0.0
Smosh,smosh,United States,25100000,213100.0,12600.0,437.0
Beyoncé,beyonce,United States,25100000,5300000.0,221400.0,12500.0
Jess No Limit,Jess No Limit,Indonesia,24900000,319900.0,11700.0,897.0
Goldmines Dishoom,Goldmines Dishoom,,24800000,28300.0,327.0,0.0
WatchMojo.com,WatchMojo,United States,24700000,92300.0,2500.0,310.0
Nicki Minaj,NickiMinajTelevision,United States,24700000,350500.0,32700.0,2400.0
Sandeep Maheshwari,Sandeep Maheshwari,India,24700000,257100.0,28000.0,172.0
Masha y el Oso,Masha y el Oso,,24500000,562900.0,3500.0,0.0
Netflix,NewOnNetflix,United States,24500000,198900.0,3400.0,321.0
Raffy Tulfo in Action,Raffy Tulfo in Action,Philippines,24500000,680200.0,10500.0,1000.0
David Guetta,davidguettavevo,Brazil,24500000,178200.0,6500.0,369.0
Post Malone,postmalone,United States,24500000,138200.0,9800.0,573.0
ZHC,ZHC,United States,24500000,0.0,0.0,0.0
1theK (원더케이),LOENENT,Indonesia,24300000,12300.0,1100.0,49.0
Rans Entertainment,Rans Entertainment,Indonesia,24200000,894400.0,29700.0,737.0
Amit Bhadana,Amit Bhadana,India,24200000,0.0,0.0,0.0
Chloe Ting,Chloe Ting,United States,24100000,183600.0,10700.0,374.0
Aditya Movies,adityacinema,India,24100000,22400.0,496.0,17.0
KSI,KSIOlajidebt,United Kingdom,24100000,453800.0,51700.0,1800.0
James Charles,James Charles,United States,23900000,1100000.0,65300.0,1400.0
Ninja,NinjasHyper,United States,23900000,251400.0,11300.0,613.0
Diana and Roma HIN,Diana and Roma HIN,,23700000,328000.0,1700.0,0.0
Chris Brown,ChrisBrownTV,United States,23700000,9800000.0,361300.0,19300.0
Coldplay,ColdplayVEVO,United States,23600000,329500.0,13700.0,600.0
Logan Paul,Logan Paul,United States,23600000,0.0,0.0,0.0
TRANS7 OFFICIAL,TRANS7indonesia,Indonesia,23500000,6600.0,89.0,8.0
ABPLIVE,ABPLIVE,India,23500000,2500.0,28.0,3.0
Happy Lives,Happy Lives,,23500000,30800.0,218.0,0.0
Shemaroo Movies,shemaroomovies,India,23400000,45000.0,474.0,12.0
Troom Troom,Troom Troom,,23400000,367100.0,3500.0,128.0
NickyJamTV,NickyJamTV,Colombia,23300000,26800.0,2300.0,65.0
Mister Max,Mister Max,Russia,23100000,1800000.0,34800.0,1300.0
Enrique Iglesias,EnriqueIglesiasPlay,United States,23000000,29000.0,2800.0,155.0
Sesame Street,SesameStreet,,23000000,199300.0,517.0,0.0
Tina Pontes,mildicasdemulher,Brazil,23000000,105300.0,4000.0,0.0
netd müzik,netdmuzikk,Turkey,22900000,9300.0,244.0,50.0
Jelly,JellyYT,United States,22900000,224100.0,10300.0,531.0
Goldmines Bollywood,Goldmines Bollywood,India,22900000,20200.0,117.0,7.0
Crazy XYZ,Crazy XYZ,India,22900000,3700000.0,294100.0,10200.0
Anuel AA,Anuel AA,Colombia,22700000,44400000.0,832600.0,58200.0
DrossRotzank,DrossRotzank,Mexico,22700000,2200000.0,150200.0,8400.0
The Lallantop,The Lallantop,India,22600000,36900.0,1000.0,107.0
Miss Katy,Miss Katy,Russia,22500000,1000000.0,15600.0,667.0
Frost Diamond,Frost Diamond,Indonesia,22500000,488900.0,35100.0,1200.0
HUM TV,HumNetwork,Pakistan,22500000,1600.0,10.0,0.0
Like Nastya AE,Like Nastya AE,,22400000,456200.0,3000.0,0.0
WB Kids,WB Kids,,22400000,92600.0,559.0,0.0
The Chainsmokers,THECHAINSMOKERS,United States,22300000,34800.0,1700.0,47.0
Technical Guruji,Technical Guruji,India,22300000,178400.0,10500.0,1200.0
GMM GRAMMY OFFICIAL,gmmgrammyofficial,Thailand,22300000,3800.0,72.0,3.0
Venus Movies,VenusMovies,India,22200000,143600.0,1200.0,29.0
Smile Family,Smile Family,,22100000,78400.0,719.0,0.0
mmoshaya,mmoshaya,Saudi Arabia,22100000,2000000.0,33100.0,2200.0
America's Got Talent,AmericasGotTalent,United States,21900000,263300.0,4200.0,246.0
White Hill Music,WHBBP,India,21900000,22700.0,1700.0,54.0
Paulo Londra,Paulo Londra,Argentina,21900000,12500000.0,682900.0,24700.0
Diana and Roma ARA,Diana and Roma ARA,,21900000,1200000.0,8200.0,0.0
TED,TEDtalksDirector,United States,21900000,47500.0,1300.0,162.0
Goldmines Movies,goldmineshindi,India,21700000,9000.0,81.0,5.0
FaZe Rug,oRugrat,United States,21700000,4099999.0,106200.0,7300.0
Peppa Pig Español Latino - Canal Oficial,PeppaLatinoAmericano,,21600000,624900.0,3200.0,0.0
Pen Movies,PenIndiaPvtLimited,India,21600000,56000.0,2500.0,79.0
Enaldinho,TheEnaldinhO,Brazil,21600000,816100.0,43800.0,656.0
BabyBus - Canciones Infantiles & Cuentos,BabyBus - Canciones Infantiles & Cuentos,,21400000,478200.0,2300.0,0.0
MrBeast en Español,MrBeast en Español,Mexico,21200000,7100000.0,265600.0,10100.0
Like Nastya PRT,Like Nastya PRT,,21200000,365600.0,2200.0,0.0
Juan De Dios Pantoja,Juan De Dios Pantoja,Mexico,21200000,4600000.0,237300.0,4400.0
SSundee,SSundee,United States,21100000,1700000.0,95100.0,3700.0
Brent Rivera,Brent Rivera,United States,21100000,5000000.0,201900.0,13100.0
Tasty,Tasty,United States,21100000,112800.0,4300.0,64.0
FGTeeV,FGTeeV,United States,21100000,1300000.0,18500.0,2000.0
Preston,PrestonPlayz,United States,21000000,1400000.0,53200.0,521.0
Charlie Puth,CharliesVlogs,United States,21000000,615300.0,59800.0,2200.0
5-Minute Crafts DIY,5-Minute Crafts DIY,India,20900000,18300.0,303.0,9.0
D Billions,D Billions,,20900000,1000000.0,1200.0,0.0
Baim Paula,Baim Paula,Indonesia,20900000,642400.0,27100.0,2100.0
Goldmines Cineplex,Goldmines Cineplex,India,20800000,6400.0,84.0,3.0
Canal Canalha,CanalCanalha,Brazil,20700000,1200000.0,146900.0,4100.0
Kids TV - Nursery Rhymes And Baby Songs,Kids TV - Nursery Rhymes And Baby Songs,,20700000,122400.0,379.0,0.0
National Geographic,NationalGeographic,United States,20500000,40300.0,1600.0,57.0
Disney Latinoamérica,DisneyChannelLA,,20500000,22100.0,129.0,0.0
Brave Wilderness,Brave Wilderness,United States,20500000,1600000.0,32200.0,3100.0
Family GamesTV,Family GamesTV,,20500000,9600.0,0.0,0.0
StarPlus,starplus,India,20500000,260899.0,5600.0,69.0
Ultra Movie Parlour,UltraMovieParlour,India,20300000,40700.0,910.0,15.0
BuzzFeedVideo,BuzzFeedVideo,United States,20300000,33100.0,824.0,23.0
AuthenticGames,AuthenticGames,Brazil,20200000,26400.0,2000.0,114.0
Rotana,RotanaAudio,Saudi Arabia,20100000,153800.0,7200.0,172.0
LazarBeam,LazarBeam,United States,20100000,0.0,0.0,0.0
shfa show India,shfa show India,,20100000,1200000.0,9400.0,0.0
SlivkiShow,SlivkiChanel,Russia,20100000,2800000.0,195900.0,21900.0
5-Minute Crafts PLAY,5-Minute Crafts PLAY,India,20100000,79700.0,297.0,14.0
REACT,TheFineBros,United States,20100000,137500.0,5400.0,400.0
Vevo,VEVO,United States,20100000,11500.0,415.0,5.0
HaerteTest,HaerteTest,India,20000000,23400.0,151.0,32.0
LankyBox,LankyBox,United States,20000000,438000.0,6600.0,360.0
Lyrical Lemonade,GooodLifeFilms,United States,19900000,2900000.0,60200.0,2900.0
Tlnovelas,TelenovelaTelevisa,Mexico,19900000,11800.0,282.0,8.0
Mnet K-POP,Mnet,United States,19900000,9500.0,900.0,33.0
Pencilmation,rossbollinger,United States,19900000,172900.0,2500.0,76.0
Totoy kids - Português,Totoy kids - Português,,19900000,872400.0,4600.0,0.0
Vlad and Niki Arabic,Vlad and Niki Arabic,,19900000,975300.0,6500.0,0.0
toyorbabytv,toyorbabytv,,19800000,157300.0,0.0,0.0
Pentatonix,PTXofficial,United States,19700000,120300.0,5700.0,103.0
Dr. Vivek Bindra: Motivational Speaker,MrVivekBindra,India,19700000,172900.0,9400.0,608.0
Romeo Santos,romeo,United States,19700000,837100.0,38100.0,1600.0
Marvel Entertainment,MARVEL,United States,19700000,299400.0,12100.0,786.0
Noor Stars,Noor Stars,Iraq,19600000,1300000.0,131100.0,6500.0
Got Talent Global,gottalentglobal,United States,19500000,127000.0,1400.0,57.0
★ Kids Roma Show,★ Kids Roma Show,,19500000,1300000.0,8300.0,0.0
Gordon Ramsay,gordonramsay,United States,19500000,153800.0,3900.0,320.0
Deddy Corbuzier,corbuzierprediction,Indonesia,19500000,4200000.0,70700.0,8100.0
Kinder Spielzeug Kanal,Kinder Spielzeug Kanal,,19400000,83400.0,852.0,0.0
Troom Troom Es,Troom Troom Es,Mexico,19300000,125700.0,2500.0,72.0
Infinite,Infinite,United States,19300000,776700.0,25300.0,2400.0
Eva Bravo Play,Eva Bravo Play,,19300000,523500.0,3400.0,0.0
Robin Hood Gamer,RobinHoodGamer1,Brazil,19300000,1000000.0,51400.0,784.0
Kurzgesagt – In a Nutshell,Kurzgesagt,United States,19300000,7000000.0,329700.0,24700.0
Fatos Desconhecidos,fatosdesconhecidos,Brazil,19200000,194500.0,19000.0,683.0
Beast Reacts,Beast Reacts,United States,19100000,12700000.0,389700.0,7100.0
Sun TV,Sun TV,India,19100000,89400.0,1600.0,19.0
Crafty Panda,Crafty Panda,India,19100000,81300.0,571.0,15.0
NBA,NBA,United States,19100000,58300.0,1700.0,119.0
DLS News,DLS News,India,19000000,61500.0,1700.0,104.0
Clash of Clans,OfficialClashOfClans,United States,18900000,299400.0,14000.0,394.0
invictor,invictorgs3,Mexico,18900000,1300000.0,70200.0,982.0
Netflix India,Netflix India,India,18900000,131000.0,2800.0,105.0
Jimmy Kimmel Live,JimmyKimmelLive,United States,18900000,133100.0,3400.0,257.0
The ACE Family,The ACE Family,United States,18900000,702100.0,26000.0,2500.0
Green Gold TV - Official Channel,greengoldtv,,18800000,922600.0,7400.0,0.0
Britain's Got Talent,BritainsGotTalent09,United Kingdom,18700000,192200.0,1100.0,44.0
TRT Originals Urdu,TRT Originals Urdu,Pakistan,18700000,308200.0,13600.0,328.0
AS Gaming,AS Gaming,India,18700000,370700.0,32700.0,1100.0
TheWillyrex,TheWillyrex,Spain,18600000,25400.0,1500.0,0.0
The Royalty Family,The Royalty Family,United States,18500000,3400000.0,90200.0,0.0
Vania Mania Kids,Vania Mania Kids,,18500000,368000.0,1700.0,0.0
CookieSwirlC,CookieSwirlC,United States,18500000,238100.0,3300.0,535.0
Official Pink Panther,PinkPanther,,18400000,674900.0,4800.0,0.0
Sonotek,sonotekvideo,India,18400000,28600.0,655.0,58.0
BabyBus - Cerita & Lagu Anak-anak,BabyBus - Cerita & Lagu Anak-anak,,18400000,626400.0,4500.0,0.0
KBS WORLD TV,kbsworld,Indonesia,18400000,5300.0,137.0,6.0
MiawAug,MiawAug,Indonesia,18400000,850700.0,35400.0,2100.0
CKN,CKN,,18300000,235300.0,1400.0,0.0
HiMan,HiMan,Russia,18300000,1600000.0,76900.0,2400.0
ElTrollino,ElTrollino,Mexico,18300000,3500000.0,102600.0,2800.0
Unbox Therapy,Unbox Therapy,United States,18300000,1200000.0,28200.0,3300.0
Turma da Mônica,turmadamonicaTV,,18200000,127300.0,1200.0,0.0
Diana and Roma EN,TheElenaYa,,18200000,701100.0,2800.0,0.0
Heidi & Zidane बच्चों की कहानियाँ,Heidi & Zidane बच्चों की कहानियाँ,,18200000,165100.0,1300.0,0.0
Ninja Kidz TV,Ninja Kidz TV,United States,18200000,793900.0,18800.0,1300.0
INCRÍVEL,INCRÍVEL,,18200000,26100.0,1300.0,33.0
TheOdd1sOut,TheOdd1sOut,United States,18100000,1100000.0,44200.0,1600.0
Dan-Sa / Daniel Saboya,DanielSaboya,Brazil,18100000,40700.0,1300.0,48.0
Emiway Bantai,Emiway Bantai,India,18100000,1600000.0,208500.0,23600.0
GEN HALILINTAR,GEN HALILINTAR,Indonesia,18100000,195700.0,10400.0,238.0
Мирошка ТВ,Мирошка ТВ,United States,18100000,15000.0,87.0,3.0
Vsauce,Vsauce,United States,18100000,318900.0,17600.0,489.0
Farruko,farrukotv,United States,18100000,641600.0,39600.0,1800.0
Kids Channel India - Hindi Rhymes and Baby Songs,Kids Channel India - Hindi Rhymes and Baby Songs,,18000000,120200.0,1000.0,0.0
SCTV,SCTVIndonesia,Indonesia,17900000,24200.0,410.0,23.0
Village Cooking Channel,Village Cooking Channel,India,17900000,4700000.0,262500.0,5500.0
Like Nastya Vlog,Like Nastya Vlog,,17900000,415900.0,1800.0,0.0
Good Mythical Morning,rhettandlink2,United States,17900000,1200000.0,34600.0,1400.0
Naisa Alifia Yuriza (N.A.Y),Naisa Alifia Yuriza (N.A.Y),Indonesia,17900000,908300.0,35500.0,596.0
Lil Pump,Lil Pump,United States,17900000,1300000.0,77600.0,8100.0
Demi Lovato,therealdemilovato,United States,17800000,53500.0,5300.0,136.0
Marmok,dj47maryn,Russia,17800000,3900000.0,377100.0,17600.0
RsiamMusic : อาร์สยาม,rsiammusic,Thailand,17800000,10100.0,274.0,9.0
Познаватель,ThePoznavatel,Russia,17700000,3100000.0,65600.0,2400.0
TheGrefg,TheGrefg,Spain,17700000,986100.0,74800.0,1300.0
Ali-A,Matroix,United States,17700000,466400.0,13600.0,904.0
Little Angel Español - Canciones Infantiles,Little Angel Español - Canciones Infantiles,,17700000,425600.0,2600.0,0.0
Vlad and Niki IDN,Vlad and Niki IDN,,17700000,605500.0,2500.0,0.0
Mother Goose Club Playhouse,SockeyeMedia,,17700000,62900.0,160.0,0.0
etvteluguindia,etvteluguindia,India,17600000,18800.0,211.0,3.0
Khan GS Research Centre,Khan GS Research Centre,India,17600000,7100000.0,540400.0,23200.0
Sebastián Yatra,SebastianYatra,Colombia,17600000,84900.0,5300.0,389.0
TED-Ed,TEDEducation,United States,17500000,202500.0,12300.0,358.0
officialpsy,officialpsy,United States,17500000,3200000.0,258399.0,7400.0
Porta dos Fundos,portadosfundos,Brazil,17400000,738900.0,73600.0,725.0
Kiddiestv Hindi - Nursery Rhymes & Kids Songs,Kiddiestv Hindi - Nursery Rhymes & Kids Songs,,17400000,55600.0,210.0,0.0
Junya Official Channel,Junya Official Channel,Japan,17400000,2100000.0,24100.0,132.0
RobleisIUTU,RobleisIUTU,Argentina,17400000,838800.0,57000.0,1900.0
Maya and Mary,Maya and Mary,,17400000,1600.0,0.0,0.0
Rafa & Luiz,Rafa & Luiz,Brazil,17400000,587500.0,33000.0,703.0
Masha e o Urso,Masha e o Urso,,17400000,489100.0,3600.0,0.0
Stubborn Facts,Stubborn Facts,India,17300000,66700.0,3400.0,166.0
SQUEEZIE,aMOODIEsqueezie,France,17300000,5300000.0,423000.0,7900.0
EeOneGuy,EeOneGuy,Russia,17300000,204600.0,13200.0,5600.0
SUPER SLICK SLIME SAM,SUPER SLICK SLIME SAM,Mexico,17200000,222200.0,6700.0,176.0
Willyrex,Willyrex,Mexico,17200000,151900.0,13200.0,66.0
Grammy Gold Official,grammygoldofficia,Thailand,17200000,15000.0,312.0,9.0
DUDU e CAROL,DUDU e CAROL,Brazil,17200000,3100000.0,188300.0,1100.0
شبكة العاب العرب | Arab Games Network,ArabGamesNetwork,Algeria,17200000,307500.0,28200.0,1400.0
Sourav Joshi Vlogs,Sourav Joshi Vlogs,India,17000000,5800000.0,532300.0,13900.0
IGN,IGNentertainment,United States,17000000,45700.0,1000.0,105.0
Jason Derulo,JasonDerulo,United States,17000000,68100.0,4500.0,66.0
Guava Juice,aynakoitsroi,United States,17000000,217400.0,6300.0,708.0
7clouds,monstafluffmusicTV,United States,16900000,233600.0,5200.0,175.0
Jane ASMR 제인,Jane ASMR 제인,United States,16900000,290000.0,5600.0,285.0
Anitta,AnittaOficial,Brazil,16900000,3200000.0,132500.0,9100.0
Doggy Doggy Cartoons,kidstvsongs,,16800000,3100.0,50.0,0.0
Triggered Insaan,Triggered Insaan,India,16800000,5600000.0,521299.0,15700.0
SOMOY TV,SOMOY TV,Bangladesh,16800000,8300.0,185.0,13.0
Dhar Mann,Dhar Mann,United States,16800000,5800000.0,130699.0,6100.0
Dushyant kukreja,Dushyant kukreja,India,16700000,3700000.0,245300.0,531.0
Manual do Mundo,iberethenorio,Brazil,16700000,411500.0,53300.0,645.0
Shemaroo Comedy,indiancomedy,India,16700000,98900.0,913.0,26.0
TheBrianMaps,TheBrianMaps,Russia,16600000,3100000.0,204300.0,11400.0
Tu COSMOPOLIS,Tu COSMOPOLIS,Mexico,16600000,78600.0,6200.0,534.0
DeToxoMoroxo,jquintanac5,Mexico,16600000,571900.0,34600.0,9100.0
Alejo Igoa,Alejo Igoa,Argentina,16600000,6800000.0,293500.0,76700.0
Goldmines Great Indian Comedy,Goldmines Great Indian Comedy,India,16600000,14100.0,180.0,9.0
zbing z.,zbingzbing,Thailand,16500000,390300.0,15600.0,541.0
SonyMusicSouthVEVO,SonyMusicSouthVEVO,,16500000,21000.0,577.0,21.0
tanboy kun,tanboy kun,Indonesia,16500000,2000000.0,47500.0,2100.0
IDEAS EN 5 MINUTOS,IDEAS EN 5 MINUTOS,Mexico,16500000,39800.0,335.0,8.0
Apple,Apple,,16399999,2300000.0,27500.0,0.0
Zuni and Family,Zuni and Family,,16399999,225500.0,1300.0,0.0
Prajapati News,Prajapati News,India,16399999,24700.0,1300.0,64.0
Sandra Cires Art,Sandra Cires Art,Colombia,16399999,412000.0,37400.0,537.0
Blippi - Educational Videos for Kids,Blippi - Educational Videos for Kids,,16399999,1300000.0,4200.0,0.0
Sidemen,Sidemen,United Kingdom,16399999,10200000.0,412200.0,10600.0
ExtraPolinesios,ppextras,Mexico,16399999,131800.0,5600.0,157.0
Dan Rhodes,Dan Rhodes,India,16300000,1800000.0,119000.0,409.0
RKD Studios,rkddigital,India,16300000,171400.0,1900.0,56.0
Antrax,Antrax,Mexico,16300000,570500.0,41400.0,1500.0
The Game Theorists,MatthewPatrick13,United States,16200000,2300000.0,123900.0,5900.0
Queen Official,queenofficial,United States,16200000,0.0,0.0,0.0
Fede Vigevani,Fede Vigevani,Mexico,16200000,3500000.0,202700.0,10600.0
FailArmy,failarmy,United States,16200000,2600000.0,28600.0,2100.0
El Reino a Jugar,El Reino a Jugar,,16200000,400700.0,1800.0,0.0
Katie Angel,Katie Angel,Mexico,16100000,306100.0,25900.0,173.0
Les' Copaque Production,lescopaque,Indonesia,16100000,74900.0,878.0,35.0
VICE,vice,United States,16100000,414400.0,5600.0,1300.0
Kaykai Salaider,Kaykai Salaider,Thailand,16100000,1100000.0,103600.0,4700.0
Boyce Avenue,boyceavenue,Brazil,16000000,314700.0,11500.0,450.0
Marques Brownlee,marquesbrownlee,United States,16000000,2700000.0,127000.0,4300.0
Sony AATH,Sony AATH,Bangladesh,16000000,59200.0,1000.0,40.0
YOLO AVENTURAS,YOLO AVENTURAS,Mexico,16000000,1700000.0,140700.0,708.0
Zhong,Zhong,United States,16000000,3400000.0,252500.0,1500.0
jeffreestar,jeffreestar,United States,16000000,1200000.0,50000.0,5500.0
Aayu and Pihu Show,Aayu and Pihu Show,India,16000000,3100000.0,71300.0,4200.0
DopeLyrics,DopeLyrics,United States,16000000,10300.0,272.0,28.0
JJ Olatunji,KSIOlajidebtHD,United States,16000000,3900000.0,286400.0,11900.0
Zappy Toons - Hindi Nursery Rhymes and Stories,Zappy Toons - Hindi Nursery Rhymes and Stories,,16000000,317500.0,1500.0,0.0
Smile Family Spanish,Smile Family Spanish,,15900000,440700.0,2500.0,0.0
Jason Vlogs,Jason Vlogs,,15900000,454300.0,2100.0,0.0
AMARINTV : อมรินทร์ทีวี,AMARINTV : อมรินทร์ทีวี,Thailand,15900000,6400.0,93.0,7.0
Ivana Alawi,Ivana Alawi,Philippines,15800000,3700000.0,196800.0,11600.0
Matt Stonie,MegatoadStonie,United States,15800000,1200000.0,52300.0,2500.0
Pitbull,PitbullMusic,United States,15800000,18500.0,1600.0,43.0
Caeli YT,CaELiKe,,15800000,43400.0,1600.0,199.0
News24,News24page,India,15800000,5800.0,110.0,10.0
Pop Chartbusters,popchartbusters,India,15800000,36900.0,10100.0,37.0
Rotten Tomatoes Trailers,movieclipsTRAILERS,United States,15800000,41900.0,659.0,71.0
AdMe,AdMe,Russia,15800000,50500.0,1500.0,81.0
Gato Galactico | GALÁXIA,OGatoGalactico,Brazil,15600000,90400.0,4900.0,78.0
And TV,And TV,India,15600000,8900.0,104.0,4.0
Roman Atwood Vlogs,RomanAtwoodVlogs,United States,15600000,311000.0,0.0,995.0
Dyland PROS,Dyland PROS,Indonesia,15500000,33300.0,2100.0,98.0
FitDance,portalfitdance,,15500000,32900.0,1100.0,16.0
RCTI - LAYAR DRAMA INDONESIA,RCTI - LAYAR DRAMA INDONESIA,Indonesia,15400000,20000.0,353.0,22.0
Camilo,CamiloMusicaVideo,Colombia,15400000,157000.0,9300.0,125.0
MrBeast Shorts,MrBeast Shorts,United States,15400000,15500000.0,1300000.0,4800.0
Like Nastya VNM,Like Nastya VNM,,15400000,524800.0,0.0,0.0
SriBalajiMovies,SriBalajiMovies,India,15400000,12900.0,85.0,2.0
LOKESH GAMER,LOKESH GAMER,India,15400000,349200.0,40600.0,1500.0
T3ddy,T3DDYgames,Brazil,15300000,801500.0,79900.0,2200.0
Stokes Twins,alanalan9635,United States,15300000,11900000.0,404600.0,40200.0
With Kids[위드키즈],With Kids[위드키즈],United States,15300000,71100.0,0.0,0.0
Kerajinan 5-Menit,Kerajinan 5-Menit,Indonesia,15200000,17000.0,147.0,6.0
Like Nastya IDN,Like Nastya IDN,,15200000,150600.0,0.0,0.0
Oyuncak Avı,Oyuncak Avı,,15200000,284800.0,0.0,15.0
Dangal TV Channel,Dangal TV Channel,India,15200000,63800.0,956.0,6.0
5-Minute Crafts FAMILY,5-Minute Crafts FAMILY,United States,15200000,16100.0,175.0,9.0
SAM SMITH,SAM SMITH,United States,15200000,29900.0,2000.0,61.0
Ch7HD,bbtvch7,Thailand,15200000,7100.0,135.0,2.0
TheRichest,TheRichest,United States,15200000,22200.0,644.0,81.0
POPS Kids,popskids,Indonesia,15200000,4100.0,53.0,0.0
حِرف إبداعية في 5 دقائق,حِرف إبداعية في 5 دقائق,Egypt,15100000,35800.0,344.0,16.0
Lahari Music | T-Series,laharimusic,India,15100000,30600.0,1300.0,23.0
LEGO,LEGO,United States,15100000,54800.0,666.0,0.0
НТВ,ntvru,Russia,15000000,82300.0,901.0,216.0
Henrique e Juliano,hejproducao,Brazil,15000000,71800.0,3700.0,152.0
Mariale,Mariale,Mexico,15000000,154700.0,7000.0,285.0
Talking Tom & Friends,TalkingFriends,United States,15000000,220600.0,2300.0,0.0
Makiman131,Makiman131,Spain,15000000,279500.0,15600.0,604.0
Ranz Kyle,ranziscool,Philippines,15000000,786300.0,27400.0,881.0
Volga Video,newvolgavideo,India,15000000,5300.0,43.0,2.0
Harsh Beniwal,Harsh Beniwal,India,15000000,13800000.0,1200000.0,31600.0
NichLmao,NichLmao,United States,15000000,4700000.0,361200.0,2000.0
Super Senya,Super Senya,,15000000,37200.0,167.0,0.0
LIV Crime,LIV Crime,India,15000000,95500.0,1100.0,35.0
Niana Guerrero,Niana Guerrero,Philippines,15000000,1000000.0,31500.0,1100.0
Wow Kidz Action,Wow Kidz Action,,15000000,1300000.0,9100.0,0.0
League of Legends,RiotGamesInc,United States,15000000,515799.0,33500.0,1100.0
GMMTV OFFICIAL​​,GMMTVSPOTLIKE,Thailand,15000000,24900.0,544.0,14.0
Kwebbelkop,kwebbelkop,United States,15000000,100200.0,3000.0,284.0
La Rosa de Guadalupe,La Rosa de Guadalupe,Mexico,14900000,90800.0,865.0,19.0
NDTV India,ndtvindia,India,14900000,12700.0,305.0,33.0
BBC News Hindi,bbchindi,India,14900000,167300.0,0.0,311.0
MK MUSIC,mkmusicnews,Brazil,14900000,20400.0,1900.0,33.0
Dave and Ava - Nursery Rhymes and Baby Songs,Dave and Ava - Nursery Rhymes and Baby Songs,,14900000,212000.0,906.0,0.0
Linus Tech Tips,LinusTechTips,United States,14900000,1500000.0,66600.0,3000.0
Lachlan,Lachlan,United States,14900000,420100.0,19900.0,612.0
Plim Plim - Kids Songs & Episodes - Spanish,elcanaldePlimPlim,,14800000,735100.0,5500.0,0.0
Daniel LaBelle,Daniel LaBelle,United States,14800000,23100000.0,459400.0,2900.0
Zé Neto e Cristiano,zncoficial,Brazil,14800000,29500.0,3200.0,39.0
iTownGamePlay *Terror&Diversión*,iTownGamePlay,Mexico,14800000,134500.0,5200.0,291.0
les boys tv2,les boys tv2,France,14800000,7400.0,0.0,0.0
NMF News,narendramodionline,India,14700000,12600.0,299.0,35.0
Planeta das Gêmeas,Planeta das Gêmeas,,14700000,432200.0,17900.0,57.0
News18 India,News18 India,India,14700000,2700.0,46.0,2.0
TWICE,TWICE,Philippines,14700000,565900.0,61600.0,500.0
IDEIAS INCRÍVEIS,IDEIAS INCRÍVEIS,Brazil,14700000,13600.0,257.0,6.0
LEGENDA FUNK,LEGENDA FUNK,Brazil,14700000,6700.0,268.0,9.0
Thairath Online,thairathonline,Thailand,14700000,16900.0,233.0,23.0
Jorge & Mateus Oficial,jemproducoes,Brazil,14600000,1100000.0,12800.0,250.0
MattyBRaps,MattyBRaps,United States,14600000,3500000.0,15200.0,0.0
Bollywood Classics,BollywoodClassics,India,14600000,40500.0,305.0,11.0
حقائق وأسرار,حقائق وأسرار,Egypt,14600000,0.0,0.0,0.0
Team Films Bhojpuri,TeamFilmsBhojpuri,India,14600000,17600.0,442.0,48.0
Daftar Populer,Daftar Populer,Indonesia,14600000,99000.0,1900.0,199.0
Major Lazer Official,majorlazer,United States,14600000,28700.0,1500.0,95.0
Drawblogs,Drawblogs,Mexico,14600000,19100.0,858.0,58.0
Maha Fun Tv,Maha Fun Tv,India,14600000,68200.0,1700.0,145.0
CollegeHumor,collegehumor,United States,14600000,146000.0,7400.0,817.0
Fueled By Ramen,FueledByRamen,United States,14600000,36900.0,2000.0,114.0
Canal Nostalgia,Canal Nostalgia,,14600000,209800.0,41500.0,286.0
Johny FamilyShow,Johny FamilyShow,,14500000,88400.0,303.0,0.0
XpressTV,XpressTV,Mexico,14500000,1400000.0,48500.0,556.0
Arif muhammad,Arif muhammad,Indonesia,14500000,2900000.0,77600.0,3200.0
Mobile Legends: Bang Bang Official,Mobile Legends: Bang Bang Official,Indonesia,14500000,420700.0,3100.0,26.0
Zach King,Zach King,United States,14500000,633700.0,0.0,899.0
Fun For Kids TV - Hindi Rhymes,Fun For Kids TV - Hindi Rhymes,,14500000,522299.0,2900.0,0.0
Busy Fun Ltd,Busy Fun Ltd,India,14500000,9000000.0,35500.0,584.0
Boram Tube ToysReview [보람튜브 토이리뷰],Boram Tube ToysReview [보람튜브 토이리뷰],,14500000,28100.0,273.0,0.0
Super Polina,Super Polina,Russia,14500000,8900.0,61.0,0.0
Martin Garrix,MartinGarrix,United States,14400000,54000.0,5100.0,103.0
The Slow Mo Guys,theslowmoguys,United States,14400000,946900.0,62900.0,2800.0
It's Mamix,It's Mamix,Russia,14400000,2900000.0,0.0,5200.0
Chad Wild Clay,chadwildclay,United States,14400000,2200000.0,38200.0,6500.0
Gyan Gamingㅤ,Gyan Gamingㅤ,India,14400000,371800.0,38600.0,863.0
Unspeakable,Unspeakable,United States,14400000,3300000.0,62700.0,7200.0
Totoy kids - Español,Totoy kids - Español,,14400000,731300.0,3400.0,0.0
PlayStation,PlayStation,United States,14400000,43800.0,1400.0,158.0
Genierock,Genierock,Thailand,14400000,100700.0,988.0,64.0
CoryxKenshin,CoryxKenshin,United States,14400000,7500000.0,528300.0,34100.0
Aphmau,ChallengeAcceptedInc,United States,14300000,2500000.0,59800.0,4400.0
ABS-CBN News,TheABSCBNNews,Philippines,14300000,5400.0,50.0,4.0
Mohamed Ramadan I محمد رمضان,MRamadanOfficial,Egypt,14200000,2400000.0,59400.0,4100.0
Zach Choi ASMR,Zach Choi ASMR,United States,14200000,166700.0,11000.0,114.0
Camila Loures,camilaloures,Brazil,14200000,239900.0,18800.0,325.0
Anasala I أنس و أصالة,Anasala I أنس و أصالة,Egypt,14200000,2700000.0,194200.0,7700.0
CNN,CNN,United States,14200000,323200.0,4700.0,4200.0
Gulshan Kalra,Gulshan Kalra,India,14200000,8900000.0,477600.0,561.0
Taarak Mehta Ka Ooltah Chashmah,Taarak Mehta Ka Ooltah Chashmah,India,14200000,348000.0,5700.0,88.0
UFC - Ultimate Fighting Championship,UFC,United States,14200000,135800.0,3000.0,301.0
Trap City,OfficialTrapCity,United States,14200000,35500.0,1800.0,76.0
O Canal do Joãozinho - Little Angel Português,O Canal do Joãozinho - Little Angel Português,,14200000,764100.0,3500.0,0.0
Daily Dose Of Internet,Daily Dose Of Internet,United States,14100000,5100000.0,249500.0,9800.0
#Refugio Mental,#Refugio Mental,Argentina,14100000,566800.0,6600.0,80.0
A2 Motivation by {Arvind Arora},A2 Motivation by {Arvind Arora},India,14100000,342100.0,47100.0,208.0
EdisonPts,EdisonPts,Russia,14100000,2000000.0,144900.0,6900.0
Трум Трум,Трум Трум,,14100000,237200.0,2900.0,104.0
DM - Desi Melodies,DM - Desi Melodies,India,14000000,15400000.0,321100.0,18600.0
Saad Lamjarred | سعد لمجرد,SaadLamjarredTV,Morocco,14000000,2000000.0,74700.0,8400.0
F2Freestylers - Ultimate Soccer Skills Channel,F2Freestylers,United Kingdom,14000000,957600.0,0.0,328.0
Blippi Español,Blippi Español,,14000000,485600.0,1700.0,0.0
Doc Tops,Doc Tops,Mexico,14000000,1300000.0,58600.0,805.0
AM3NlC,AM3NlC,Brazil,14000000,190600.0,19900.0,276.0
FC Barcelona,fcbarcelona,United States,14000000,224700.0,14000.0,262.0
Мастерская Настроения,MasterskayaNastroeny,Russia,14000000,408900.0,10400.0,209.0
Bie The Ska,bomberball,Thailand,14000000,384500.0,12200.0,265.0
Auron,Auron,Mexico,14000000,2000000.0,112600.0,1800.0
NikkieTutorials,NikkieTutorials,United States,14000000,1700000.0,165300.0,752.0
Mis Pastelitos,mispastelitosyoutub,Mexico,13900000,864600.0,33400.0,1200.0
Mazhavil Manorama,MazhavilManorama,India,13800000,9600.0,106.0,4.0
Rosanna Pansino,RosannaPansino,United States,13800000,206300.0,8800.0,224.0
MNCTV OFFICIAL,MNCTVOfficial,Indonesia,13800000,2000.0,40.0,1.0
Hongyu ASMR 홍유,Hongyu ASMR 홍유,United States,13800000,666700.0,8900.0,258.0
Kuplinov ► Play,Kuplinov ► Play,Russia,13800000,1300000.0,83600.0,2300.0
MY FAMILY,MY FAMILY,India,13800000,3700000.0,14200.0,220.0
CrashCourse,crashcourse,United States,13800000,48600.0,1800.0,65.0
SMOL,SMOL,United States,13800000,359400.0,16300.0,18.0
ADEL et SAMI,ADEL et SAMI,France,13800000,63300.0,487.0,0.0
MSA previously My Story Animated,MSA previously My Story Animated,United States,13800000,7600000.0,200400.0,6700.0
Jake Fellman,Jake Fellman,United States,13800000,216500.0,9100.0,44.0
TazerCraft,TazerCraft,Brazil,13800000,462400.0,27000.0,493.0
MAIKI021,MAIKI021,Brazil,13800000,30200.0,3700.0,75.0
NOBRU,NOBRU,Brazil,13800000,146400.0,21800.0,174.0
DangMattSmith,dangmattsmith,,13700000,114300.0,4200.0,436.0
Wengie,WWWengie,United States,13700000,74500.0,3500.0,270.0
Zig & Sharko,Zig & Sharko,,13700000,387500.0,2900.0,0.0
Aadishakti Films,Aadishakti Films,,13700000,61100.0,2800.0,231.0
Lyna,SrtaLynaV,Mexico,13700000,458200.0,23700.0,1400.0
5-Minute Crafts Recycle,5-Minute Crafts Recycle,India,13600000,38500.0,323.0,11.0
Vlad and Niki ESP,Vlad and Niki ESP,,13600000,621800.0,2900.0,0.0
Harry Styles,Harry Styles,United States,13600000,0.0,0.0,0.0
Vlad and Niki ARA,Vlad and Niki ARA,,13600000,381400.0,2900.0,0.0
Neha Kakkar,NehaKakkarOfficial,India,13600000,130500.0,8300.0,133.0
ABC News,ABCNews,United States,13600000,12500.0,148.0,116.0
Narins Beauty,Narins Beauty,Iraq,13600000,2900000.0,224400.0,12200.0
Telemundo,telemundotv,Argentina,13600000,72200.0,2400.0,156.0
TV Ana Emilia,TV Ana Emilia,Mexico,13600000,264900.0,11400.0,1200.0
YOLO,YOLO,Mexico,13600000,1100000.0,87400.0,1200.0
The World Adventures हिन्दी,The World Adventures हिन्दी,,13500000,17100.0,996.0,33.0
ZEE5,ZEE5,India,13500000,394.0,6.0,0.0
Wesley Safadão,bandagarotasafada,Brazil,13500000,30400.0,1800.0,36.0
PlayHard,boplayhard,Brazil,13500000,458500.0,67800.0,114.0
Online Job,Online Job,India,13500000,7900.0,203.0,38.0
Lindsey Stirling,lindseystomp,United States,13500000,241100.0,20100.0,994.0
Wish 107.5,Wish 107.5,Philippines,13500000,178200.0,4000.0,331.0
Kurt Hugo Schneider,Kurt Hugo Schneider,United States,13400000,859600.0,2600.0,77.0
FAPTV,FAPtivi,United States,13400000,3100000.0,0.0,1200.0
How Ridiculous,whoisjimmy,United States,13400000,1300000.0,52300.0,2300.0
Gallina Pintadita,GallinaPintadita,,13400000,297000.0,1500.0,0.0
H2ODelirious,H2ODelirious,United States,13400000,113300.0,6200.0,217.0
123 GO! Spanish,123 GO! Spanish,Mexico,13400000,475200.0,5500.0,75.0
Atlantic Records,AtlanticVideos,United States,13400000,9200.0,422.0,11.0
PrestonPlayz,PrestonPlayz,United States,13400000,1200000.0,44000.0,1400.0
MyMissAnand,MyMissAnand,India,13300000,1500000.0,49300.0,428.0
Anaysa,iloveindianmakeup,India,13300000,835100.0,24300.0,707.0
Infobells Bangla,Infobells Bangla,,13200000,466400.0,2500.0,0.0
ETV Jabardasth,ETV Jabardasth,India,13200000,106400.0,1800.0,38.0
SRK MUSIC,SRKASSAMESE,India,13200000,317400.0,13800.0,542.0
Desi Gamers,Desi Gamers,India,13200000,664200.0,89800.0,4000.0
Coke Studio,Coke Studio,Pakistan,13200000,1900000.0,17500.0,446.0
Like Nastya Stories,Like Nastya Stories,,13200000,145200.0,1100.0,0.0
Shorts Break,Shorts Break,India,13200000,15400000.0,810600.0,942.0
O Reino Infantil,OReinho,,13200000,94500.0,465.0,0.0
theRadBrad,theRadBrad,United States,13200000,139200.0,5900.0,484.0
The LaBrant Fam,The LaBrant Fam,United States,13200000,934100.0,26400.0,0.0
Поззи,PozzitifonShow,Russia,13200000,898600.0,34200.0,2600.0
The Q,The Q,United States,13100000,2100000.0,51000.0,2700.0
T-Series Hamaar Bhojpuri,hamaarbhojpuri,India,13100000,12100.0,291.0,33.0
Alex Gonzaga Official,Alex Gonzaga Official,Philippines,13100000,2900000.0,129800.0,2000.0
DALLMYD,DALLMYD,United States,13000000,464200.0,28200.0,1500.0
Katakit Baby TV,HusamYK,Saudi Arabia,13000000,484400.0,4800.0,0.0
PowerfulJRE,PowerfulJRE,United States,13000000,1600000.0,33300.0,3700.0
Dear Sir,Dear Sir,India,13000000,162800.0,11400.0,747.0
Zeinab Harake,Zeinab Harake,Philippines,13000000,2500000.0,136600.0,3100.0
Ajay Sharma,Ajay Sharma,India,13000000,4400000.0,245200.0,208.0
Matt Steffanina,MattSDance,United States,13000000,116600.0,4800.0,50.0
NishaMadhulika,NishaMadhulika,India,13000000,191000.0,5100.0,786.0
ATHLEAN-X™,JDCav24,United States,13000000,616400.0,29700.0,810.0
Ray William Johnson,RayWilliamJohnson,United States,13000000,3500000.0,338300.0,2800.0
The Shiny Peanut,The Shiny Peanut,Indonesia,13000000,14400.0,371.0,24.0
O Que Não Dizer Oficial,O Que Não Dizer Oficial,Brazil,13000000,419900.0,46500.0,535.0
twenty one pilots,twentyonepilots,United States,13000000,50500.0,5300.0,137.0
BBC News,bbcnews,United Kingdom,13000000,111300.0,1600.0,819.0
Typical Gamer,typicalgamer,United States,13000000,393800.0,10700.0,333.0
Everson Zoio,djzoi0,Brazil,12900000,539000.0,71800.0,4200.0
KOMPASTV,KompasTVNews,Indonesia,12900000,8500.0,73.0,27.0
RedeTV,RedeTVhdBrasil,Brazil,12900000,3600.0,129.0,4.0
MrSuicideSheep,MrSuicideSheep,United States,12800000,68400.0,3200.0,68.0
Veritasium,1veritasium,United States,12800000,4700000.0,125000.0,5000.0
Hacksmith,MstrJames,United States,12800000,323200.0,14700.0,318.0
أترو/Atro,أترو/Atro,Iraq,12800000,413400.0,49700.0,8500.0
unknown boy varun,unknown boy varun,India,12800000,22400000.0,2100000.0,1800.0
Jazzghost,jazzghost1,Brazil,12800000,952500.0,58300.0,1700.0
Rebecca Zamolo,rebeccazamolo1,United States,12800000,3200000.0,67700.0,8700.0
Lady Diana,Lady Diana,Russia,12800000,2100000.0,63800.0,2800.0
T-Series Regional,tseriesregional,India,12800000,6500.0,119.0,15.0
Top Viral Talent,MusicTalentNow,United States,12800000,25100.0,302.0,17.0
Crescendo com Luluca,Crescendo com Luluca,Brazil,12800000,1200000.0,44600.0,4000.0
Sony Music South,Sony Music South,India,12800000,265600.0,8000.0,194.0
VexTrex,VexTrex,,12800000,97700.0,0.0,0.0
Goldmines Premiere,GoldClassics,,12800000,7600.0,145.0,0.0
Ei Nerd,einerdtv,Brazil,12800000,284000.0,39100.0,1400.0
#Refúgio Mental,#Refúgio Mental,Brazil,12800000,341700.0,9800.0,89.0
ГЛЕНТ,ГЛЕНТ,Russia,12800000,1700000.0,167200.0,5400.0
Disney Junior,disneyjunior,,12700000,103600.0,272.0,0.0
Alan Chikin Chow,Alan Chikin Chow,India,12700000,15000000.0,430800.0,611.0
StudyIQ IAS,StudyIQ IAS,India,12700000,8600.0,475.0,10.0
Health Time,Health Time,India,12700000,6900.0,238.0,8.0
Blossom,Blossom,United States,12700000,45800.0,1000.0,11.0
BBC,BBC,United Kingdom,12600000,19000.0,275.0,33.0
gymvirtual,gymvirtual,Mexico,12600000,94500.0,3100.0,92.0
TKOR,1032010814,United States,12600000,62000.0,1500.0,125.0
Lokdhun Punjabi,htpunjabi,India,12600000,0.0,0.0,0.0
BIBO와 장난감,BIBO와 장난감,,12600000,51600.0,0.0,0.0
Knowledge Tv हिन्दी,Knowledge Tv हिन्दी,India,12600000,50300.0,2100.0,105.0
Juliana Baltar,Juliana Baltar,Brazil,12600000,241100.0,15400.0,477.0
DJ Khaled,DJ Khaled,United States,12600000,384900.0,14400.0,756.0
Narendra Modi,Narendra Modi,India,12600000,26600.0,1200.0,105.0
Kabita's Kitchen,Kabita's Kitchen,India,12600000,333700.0,7300.0,461.0
JOJO TV - Hindi Stories,JOJO TV - Hindi Stories,India,12600000,95200.0,625.0,0.0
Zee Bangla,zeebangla,India,12600000,17200.0,221.0,2.0
Awakening Music,awakeningrecords,Indonesia,12600000,22500.0,2000.0,97.0
Melon City Show - برنامج ولاية بطيخ,Melon City Show - برنامج ولاية بطيخ,Iraq,12600000,356800.0,16900.0,241.0
Adexe & Nau,AdexeOficial,Mexico,12600000,44200.0,4300.0,159.0
Parafernalha,canalparafernalha,Brazil,12600000,29200.0,1800.0,11.0
JesseAndMike,JesseAndMike,United States,12600000,986200.0,11200.0,261.0
karameeshchannel,karameeshchannel,Jordan,12500000,164900.0,2300.0,0.0
Piuzinho,Piuzinho,Brazil,12500000,522799.0,126800.0,2400.0
Brawl Stars,Brawl Stars,United States,12500000,1600000.0,115400.0,5500.0
ماشا و الدب,ماشا و الدب,,12500000,1100000.0,6800.0,0.0
Peppa Pig em Português Brasil - Canal Oficial,OficialPeppa,,12500000,631100.0,5400.0,0.0
Blockbuster Movies,Blockbuster Movies,India,12500000,146800.0,3500.0,19.0
Troom Troom India,Troom Troom India,India,12500000,269200.0,2400.0,36.0
Talking Angela,TalkingAngelaCat,United States,12400000,99400.0,3500.0,122.0
elliegoulding,elliegoulding,United States,12400000,16700.0,1300.0,51.0
キッズライン♡Kids Line,runway19co,,12400000,4600.0,0.0,0.0
People Vs Food,React,United States,12400000,637900.0,23000.0,1300.0
Come Play With Me,Come Play With Me,,12400000,2500000.0,0.0,0.0
Meghan Trainor,Meghan Trainor,United States,12400000,17400.0,1300.0,36.0
Mythpat,Mythpat,India,12400000,4200000.0,357300.0,16900.0
LOUD,LOUD,Brazil,12400000,165900.0,18100.0,241.0
CaseyNeistat,caseyneistat,United States,12400000,939100.0,53600.0,4200.0
Just For Laughs Gags,JustForLaughsTV,United States,12400000,42400.0,812.0,32.0
Troom Troom PT,Troom Troom PT,Brazil,12400000,82300.0,1700.0,61.0
Gibby :),Gibby :),Mexico,12400000,892400.0,59700.0,1900.0
The Dodo,TheDodoSite,United States,12400000,471700.0,19100.0,690.0
Little Baby Bum en Español,LittleBabyBumEspanol,,12400000,37900.0,0.0,0.0
DisneyChannelUK,DisneyChannelUK,,12300000,92600.0,945.0,0.0
My Mate Nate,My Mate Nate,Thailand,12300000,1400000.0,42500.0,1000.0
Think Music India,thinkmusicindia,India,12300000,53100.0,2400.0,19.0
Bispo Bruno Leonardo,Bispo Bruno Leonardo,Brazil,12300000,680900.0,240800.0,186800.0
Bela Bagunça,Bela Bagunça,Brazil,12300000,125100.0,5700.0,201.0
GMA News,gmanews,Philippines,12300000,3000.0,34.0,5.0
HZHtube Kids Fun,HZHtube Kids Fun,,12200000,334100.0,2200.0,0.0
FIFA,FIFATV,United States,12200000,31900.0,1400.0,34.0
DeGoBooM,DeGoBooM,Mexico,12200000,367100.0,11100.0,278.0
Geo News,geonews,Pakistan,12200000,5700.0,87.0,10.0
Más SKabeche,Más SKabeche,Mexico,12200000,1500000.0,97600.0,1600.0
Trakin Tech,Trakin Tech,India,12200000,337200.0,19700.0,1100.0
NDTV,ndtv,India,12200000,3000.0,41.0,10.0
Compot,TastyCompot,Russia,12200000,1100000.0,47800.0,2100.0
Kids TV India Hindi Nursery Rhymes,kidstvindia,,12200000,328400.0,2100.0,0.0
DaniRep | +6 Vídeos Diarios De GTA 5 Online!,TheDaniRep,Mexico,12200000,206200.0,12000.0,155.0
Jass Records,officialjassrecords,India,12200000,24700.0,1100.0,10.0
RaptorGamer,RaptorGamer,Mexico,12100000,624800.0,36900.0,1000.0
Sonotek Bhakti,htbhakti,India,12100000,83800.0,1200.0,43.0
Marta and Rustam,Marta and Rustam,India,12100000,4099999.0,150600.0,116.0
Vogue,Americanvogue,United States,12100000,266400.0,13500.0,643.0
The Infographics Show,TheInfographicsShow,United States,12100000,232200.0,7400.0,440.0
Jordan Matter,jordanmatter,United States,12100000,11400000.0,226300.0,21500.0
Codiscos,Codiscos,,12000000,8900.0,209.0,8.0
BanderitaX,BanderitaX,Saudi Arabia,12000000,997300.0,122100.0,4400.0
NORMAN FAIT DES VIDÉOS,NormanFaitDesVideos,France,12000000,0.0,0.0,0.0
Netflix Jr.,storybots,,12000000,46200.0,132.0,0.0
Troom Troom Indonesia,Troom Troom Indonesia,Indonesia,12000000,175500.0,1600.0,43.0
Ice Cream Rolls,Ice Cream Rolls,United States,12000000,66000.0,2100.0,129.0
Jamuna TV,Jamuna TV,Bangladesh,12000000,19400.0,566.0,48.0
Lulu99,Lulu99,Colombia,12000000,1300000.0,71600.0,5100.0
CHHOTU KI MASTI,CHHOTU KI MASTI,India,12000000,1700000.0,14000.0,197.0
Panda,Panda,India,12000000,754300.0,62500.0,1300.0
Akshay Nagwadiya,Akshay Nagwadiya,India,12000000,3400000.0,257899.0,855.0
E-MasterSensei,E-MasterSensei,Mexico,12000000,2000000.0,65400.0,1300.0
Technology Gyan,Technology Gyan,India,12000000,419000.0,34500.0,1700.0
Planet Earth INDIA,Planet Earth INDIA,India,12000000,53100.0,1700.0,143.0
WiederDude,WiederDude,United States,12000000,1600000.0,19900.0,324.0
Yair17,YairAuriazul,Mexico,12000000,239100.0,28800.0,664.0
Yudist Ardhana,Yudist Ardhana,Indonesia,12000000,243400.0,7000.0,255.0
Avril Lavigne,AvrilLavigne,United States,12000000,122200.0,11800.0,454.0
Rauw Alejandro,Rauw Alejandro,Peru,11900000,0.0,0.0,0.0
Timba Vk,MrTimbaVk,Mexico,11900000,1100000.0,48800.0,1100.0
Mor Haryanvi,Mor Haryanvi,India,11900000,170700.0,1800.0,45.0
Kluna Tik,Kluna Tik,United States,11900000,244200.0,3200.0,224.0
CNCO,CNCO,Mexico,11900000,161800.0,20200.0,1000.0
TV9 Bharatvarsh,TV9 Bharatvarsh,India,11900000,4400.0,86.0,3.0
Republic Bharat,Republic Bharat,India,11900000,6200.0,0.0,7.0
Rubius Z,elrubius,Argentina,11900000,2300000.0,186900.0,2500.0
TommyInnit,TommyInnit,United States,11800000,2400000.0,252700.0,11100.0
MrGear,MrGear,United States,11800000,72100.0,0.0,93.0
Tfue,TTfue,United States,11800000,140300.0,6100.0,278.0
emma chamberlain,emma chamberlain,United States,11800000,3100000.0,220900.0,6300.0
MORGENSHTERN,MORGENSHTERN,Russia,11800000,0.0,0.0,0.0
123 GO!,123 GO!,United States,11800000,374600.0,2900.0,99.0
Luan Santana,luansantanaoficial,Brazil,11800000,2200000.0,33600.0,1200.0
DANIEL EL TRAVIESO VIDEOS,DANIEL EL TRAVIESO VIDEOS,Colombia,11800000,865300.0,42200.0,3000.0
Duo Tiempo De Sol,TiempodeSol,,11800000,122600.0,1100.0,0.0
Nat and Essie,Nat and Essie,United States,11800000,54100.0,1300.0,0.0
FrontaL Gaming,FrontaL Gaming,,11800000,115500.0,7300.0,307.0
웃웃TwinsFromRussia,N1Noobtubers,United States,11800000,107900.0,5200.0,22.0
Луномосик,Луномосик,Russia,11800000,2700000.0,61800.0,1700.0
Ben Azelart,Ben Azelart,United States,11800000,12400000.0,0.0,27400.0
MBC مصر,MBCMASR,Egypt,11800000,1900.0,25.0,1.0
El Trece,eltreceok,,11700000,2400.0,23.0,5.0
Koo Koo TV - Hindi,Koo Koo TV - Hindi,India,11700000,210500.0,2900.0,71.0
办公室小野 Ms Yeah,办公室小野 Ms Yeah,United States,11700000,520200.0,37200.0,37.0
TsMadaan,TsMadaan,India,11700000,3500.0,269.0,8.0
infobells - Kannada,infobellskannada,,11700000,179600.0,987.0,0.0
Luli Pampín,lucygerardi43,,11700000,3300000.0,8200.0,0.0
YoungBoy Never Broke Again,YoungBoy Never Broke Again,United States,11700000,29800.0,1700.0,95.0
Make Joke Of,Make Joke Of,India,11700000,14400000.0,0.0,30600.0
Halsey,Halsey,United States,11600000,84500.0,10100.0,206.0
First We Feast,FirstWeFeast,United States,11600000,167200.0,3700.0,308.0
SBT,SBTonline,Brazil,11600000,7800.0,332.0,3.0
Indore Physical Academy,Indore Physical Academy,India,11600000,131200.0,9100.0,207.0
Garena Free Fire LATAM,Garena Free Fire LATAM,Mexico,11600000,39500.0,2400.0,160.0
Spider Slack,Spider Slack,Brazil,11600000,6000000.0,541700.0,614.0
Colors Rishtey,KapilComedyNights,India,11600000,5000.0,45.0,2.0
Wild 'N Out,MTV2,United States,11600000,202000.0,5400.0,167.0
MC Divertida,MC Divertida,,11600000,276600.0,2200.0,0.0
Vy Qwaint,VyQwaint,United States,11600000,1800000.0,30100.0,6100.0
LipaoGamer,FelipeViktor,Brazil,11600000,147300.0,9600.0,143.0
الجانب المُشرق | Bright Side Arabic,الجانب المُشرق | Bright Side Arabic,Egypt,11500000,27100.0,799.0,52.0
GoldminesAction,GoldminesAction,,11500000,17000.0,207.0,0.0
Black Eyed Peas,blackeyedpeasvideo,United States,11500000,28000.0,1300.0,107.0
Pragati Verma Shorts,Pragati Verma Shorts,India,11500000,439600.0,54900.0,513.0
Lofi Girl,Lofi Girl,United States,11400000,134800.0,5100.0,204.0
Biper y sus Amigos,Biperysusamigos,,11400000,144700.0,0.0,0.0
Maymo,crackrockcandy,United States,11400000,275100.0,1100.0,48.0
Quantum Tech HD,Quantum Tech HD,United States,11400000,1700000.0,7300.0,144.0
Tiana,Tiana,United Kingdom,11400000,419200.0,11300.0,916.0
Annoying Orange,realannoyingorange,United States,11400000,161000.0,4700.0,497.0
Mrwhosetheboss,Mrwhosetheboss,United States,11400000,5000000.0,273200.0,9200.0
Маша та Ведмідь,MashaBearUkraine,,11400000,184900.0,867.0,0.0
BBC Earth,BBCEarth,United States,11400000,51600.0,1200.0,76.0
ExpCaseros,ExpCaseros,Spain,11400000,76400.0,1700.0,159.0
CrazyRussianHacker,CrazyRussianHacker,United States,11400000,48700.0,1800.0,85.0
Single Track Studio,hawkrecord,India,11400000,1600000.0,34800.0,1000.0
Yoga With Adriene,yogawithadriene,United States,11400000,234600.0,9600.0,1600.0
UnspeakableReacts,UnspeakableGaming,United States,11400000,0.0,0.0,0.0
SonyLIV,sonyliv,India,11400000,29300.0,377.0,13.0
Влад и Никита,Влад и Никита,,11400000,836400.0,3000.0,0.0
Franco Escamilla,francoescamilla,Mexico,11400000,532400.0,15300.0,313.0
CaptainSparklez,CaptainSparklez,United States,11400000,84700.0,7300.0,357.0
CarryisLive,CarryisLive,India,11400000,753300.0,68200.0,362.0
luzugames,luzugames,Mexico,11400000,121300.0,13800.0,171.0
Pastor Antônio Júnior,prantoniojunior,Brazil,11400000,328700.0,74800.0,7100.0
MyLifeAsEva,mylifeaseva,United States,11400000,0.0,0.0,0.0
penguinz0,penguinz0,United States,11400000,1700000.0,80100.0,4900.0
POCOYÓ en ESPAÑOL - Canal Oficial,pocoyotv,,11400000,357600.0,1200.0,0.0
Diana and Roma IND,Diana and Roma IND,,11400000,401600.0,1800.0,0.0
Star Casablanca | نجوم الدار البيضاء,Star Casablanca | نجوم الدار البيضاء,Iraq,11400000,13700.0,594.0,35.0
Kendrick Lamar,Kendrick Lamar,United States,11400000,0.0,0.0,0.0
Vlad and Niki PRT,Vlad and Niki PRT,,11400000,586900.0,0.0,0.0
Ya - Alisa,Ya - Alisa,,11300000,3400.0,25.0,0.0
The Viral Fever,TheViralFeverVideos,India,11300000,312300.0,28900.0,476.0
AlArabiya العربية,AlArabiya,Algeria,11300000,2600.0,50.0,9.0
Danny Fitt,Danny Fitt,Mexico,11300000,711100.0,62700.0,289.0
ToysPlay,ToysPlay,,11300000,118300.0,1200.0,0.0
BakLol Video,BakLol Video,India,11300000,935200.0,15000.0,915.0
Avocado Couple I Crazy Comics,Avocado Couple I Crazy Comics,United States,11300000,138200.0,1200.0,53.0
Fortnite,epicfortnite,United States,11200000,169300.0,8400.0,343.0
Genius,RapGeniusVideo,United States,11200000,43600.0,2700.0,132.0
The Film Theorists,FilmTheorists,United States,11200000,2500000.0,156600.0,7400.0
Cut,watchcut,United States,11200000,532500.0,12700.0,688.0
"Sen, Momo, Ai & Shii's Channel",oyabakatousan,Japan,11200000,85000.0,220.0,2.0
Morphle TV,Morphle TV,,11200000,190400.0,0.0,0.0
bharatzkitchen HINDI,bharatzkitchen HINDI,India,11200000,257600.0,6900.0,241.0
Magic Five,Magic Five,Russia,11200000,460500.0,27400.0,2500.0
Flowers Comedy,Flowers Comedy,India,11200000,91700.0,1300.0,118.0
Acenix,Acenix,Mexico,11200000,0.0,0.0,0.0
Pari's Lifestyle,Pari's Lifestyle,India,11200000,1100000.0,14000.0,331.0
HellomaphieMX,HellomaphieMX,Mexico,11200000,718900.0,45300.0,123.0
Mo Vlogs,Mo Vlogs,India,11200000,337500.0,14700.0,2000.0
Inside Edition,cbstvdinsideedition,United States,11200000,179300.0,4600.0,645.0
Virgínia Fonseca,Virgínia Fonseca,Brazil,11200000,528200.0,40700.0,760.0
Flamingo,Flamingo,United States,11200000,2200000.0,70500.0,9500.0
Taylor RS,Taylor RS,United States,11200000,75700.0,1600.0,5.0
Tyga,TygaTygaTV,United States,11200000,9000000.0,288500.0,7000.0
Comedy Central,comedycentral,United States,11200000,35500.0,1100.0,48.0
Chotoonz TV - Funny Cartoons for Kids,chotoonz,,11200000,36300.0,0.0,0.0
Viih Tube,viihtubeoficial,Brazil,11100000,78900.0,2800.0,104.0
OGGY,OGGY,,11100000,297300.0,2600.0,0.0
DemolitionRanch,DemolitionRanch,United States,11000000,1600000.0,75900.0,8800.0
Barbie,barbie,,11000000,158700.0,1100.0,0.0
핑크퐁 (인기 동요・동화),pinkfongko,Algeria,11000000,55400.0,140.0,0.0
ExplosmEntertainment,ExplosmEntertainment,United States,11000000,278700.0,18400.0,235.0
Coisa de Nerd,coisadenerd,Brazil,11000000,588300.0,70800.0,1200.0
Hueva,XHuevaX,Mexico,11000000,656900.0,16300.0,407.0
Emily Tube,Emily Tube,,11000000,75400.0,14.0,0.0
TrapMusicHDTV,TrapMusicHDTV,United States,11000000,0.0,0.0,0.0
Oum Walid,Oum Walid,Algeria,11000000,308900.0,19200.0,1500.0
Levinho,Levinho,India,11000000,225200.0,20300.0,592.0
TWO SIDE GAMERS,TWO SIDE GAMERS,India,11000000,724200.0,58800.0,3300.0
IShowSpeed,IShowSpeed,United States,11000000,1800000.0,73000.0,3500.0
RS 1313 SHORTS,RS 1313 SHORTS,India,11000000,253300.0,13000.0,28.0
JP Plays,jpgameplayfull,Brazil,11000000,190500.0,8900.0,132.0
Telugu Filmnagar,telugufilmnagar,India,11000000,3500.0,61.0,2.0
Kênh Thiếu Nhi - BHMEDIA,doctruyencotich,United States,11000000,17000.0,62.0,0.0
Rachit Rojha,Rachit Rojha,India,11000000,5200000.0,108200.0,5500.0
BIBO и Игрушки,BIBO и Игрушки,,11000000,0.0,0.0,0.0
HikakinTV,HikakinTV,Japan,11000000,2800000.0,73900.0,5100.0
Slogo,Slogomanify,United States,11000000,377400.0,13700.0,590.0
SagaHits,sagahits,India,10900000,28100.0,1300.0,84.0
Games EduUu,GamesEduUu,Brazil,10900000,1500000.0,190500.0,5000.0
OYUNCAKOYNUYORUM,OYUNCAKOYNUYORUM,,10900000,198000.0,850.0,0.0
NEXT9NEWS हर खबर आप तक,NEXT9NEWS हर खबर आप तक,India,10900000,5000.0,37.0,2.0
Juanpa Zurita,Juanpa Zurita,Mexico,10900000,454600.0,28200.0,883.0
Jessica Jane,Jessica Jane,Indonesia,10900000,1200000.0,39300.0,861.0
AlJazeera Channel قناة الجزيرة,aljazeerachannel,Morocco,10900000,7800.0,112.0,35.0
Mundo Bita,mrplotvideos,,10900000,203400.0,876.0,0.0
Dobre Brothers,Dobre Brothers,United States,10900000,457900.0,18500.0,409.0
Vox,Vox,United States,10800000,334600.0,14200.0,544.0
Miranda Sings,mirandasings08,United States,10800000,246500.0,11200.0,818.0
قناة وناسة -  Wanasah TV,قناة وناسة -  Wanasah TV,,10800000,2000000.0,11200.0,0.0
Experienced Mojaraba TV,Experienced Mojaraba TV,United States,10800000,22200.0,581.0,9.0
Pen Multiplex,Pen Multiplex,India,10800000,8000.0,69.0,4.0
Videogyan Nursery Rhymes - Kids Songs & Cartoons,videogyan,,10800000,39200.0,158.0,0.0
Troom Troom Arabic,Troom Troom Arabic,Egypt,10800000,306600.0,6000.0,264.0
Zee Tamil,zeetamil,India,10800000,12800.0,164.0,2.0
Milena Stepanienco - MILENINHA,Milena Stepanienco - MILENINHA,Brazil,10800000,1700000.0,10600.0,0.0
Wamindia Movies,WAMIndiaMovies,India,10800000,157800.0,2500.0,46.0
Golemcito Games,Golemcito Games,Peru,10800000,1500000.0,174100.0,3600.0
Deji,ComedyShortsGamer,United Kingdom,10800000,2300000.0,278800.0,18100.0
BE AMAZED,BE AMAZED,United States,10800000,408600.0,10300.0,650.0
Heidi y Zidane en español,Heidi y Zidane en español,,10800000,250700.0,1100.0,0.0
Captain Watch Hits,Captain Watch Hits,India,10800000,11200.0,75.0,3.0
Nirahua Music World,NirahuaMusic,India,10700000,893600.0,17400.0,626.0
Ceylin - H Official,Ceylin - H Official,Turkey,10700000,12800.0,0.0,0.0
RDC Gujarati,RDCGujarati,India,10700000,14400.0,417.0,18.0
Primitive Technology,Primitive Technology,United States,10700000,0.0,0.0,0.0
Goldmines Housefull,Goldmines Housefull,,10700000,12200.0,0.0,0.0
HISTORY,historychannel,United States,10700000,189100.0,4000.0,392.0
Zee Kids,zeeqindia,,10700000,10400.0,75.0,0.0
СТС,ctctv,Russia,10700000,178600.0,1300.0,41.0
stampylonghead,stampylonghead,United States,10700000,119200.0,6100.0,1200.0
Kids smile TV,Kids smile TV,,10700000,268900.0,0.0,0.0
KiKiDo,KiKiDo,Russia,10700000,3800000.0,72400.0,6400.0
ChuChuTV Hindi,ChuChuTV Hindi,,10600000,168500.0,1200.0,0.0
Jesse,PrankvsPrank,United States,10600000,49000.0,2000.0,325.0
Caso Cerrado,Caso Cerrado,Mexico,10600000,562100.0,5200.0,177.0
Franciny Ehlke,francinyehlke,Brazil,10600000,876200.0,96500.0,1700.0
Red Bull,redbull,United States,10600000,290200.0,7300.0,240.0
Rathore Cassettes,rathorvideo,India,10600000,8400.0,120.0,9.0
Chill Nation,ChillStepNation,United States,10600000,35500.0,914.0,38.0
GoPro,GoProCamera,United States,10600000,52900.0,2100.0,71.0
TikTak Draw,TikTak Draw,Mexico,10600000,107500.0,6600.0,321.0
Gustavo Paródias,MrGustavoParodias,Brazil,10600000,198600.0,20900.0,56.0
Google,Google,United States,10600000,5500.0,105.0,12.0
Cong TV,lincolnvelasquez,Philippines,10600000,3000000.0,180300.0,5100.0
AdamThomasMoran,AdamThomasMoran,Russia,10600000,577900.0,46800.0,2300.0
Joe HaTTab,Joe HaTTab,Somalia,10600000,2000000.0,123700.0,4400.0
Peppa Pig Hindi,Peppa Pig Hindi,,10600000,762100.0,4900.0,0.0
Matheus e Kauan,MeKcanal,Brazil,10600000,5800.0,405.0,3.0
NASA,NASAtelevision,United States,10600000,182500.0,6100.0,0.0
The Noite com Danilo Gentili,sbtthenoite,Brazil,10600000,11100.0,537.0,25.0
Lucas Rangel,rangeldovine,Brazil,10600000,288700.0,26900.0,528.0
Craftingeek,craftingeek,Mexico,10600000,111500.0,2400.0,202.0
"Baby Big Mouth Kids - Sing, Dance, Explore","Baby Big Mouth Kids - Sing, Dance, Explore",,10600000,716.0,6.0,0.0
SmarterEveryDay,destinws2,United States,10600000,1600000.0,0.0,6500.0
Pinkfong en español - Canciones Infantiles,Pinkfong en español - Canciones Infantiles,,10600000,96700.0,213.0,0.0
As/Is,BuzzFeedYellow,United States,10600000,16700.0,527.0,18.0
Stone Music Entertainment,CJENMMUSIC,United States,10600000,4900.0,382.0,17.0
MTV,MTV,United States,10600000,395900.0,9200.0,433.0
DuDuPopTOY,DuDuPopTOY,,10500000,7200.0,70.0,0.0
Cris Devil Gamer,Cris Devil Gamer,United States,10500000,779200.0,24000.0,615.0
Magnet World,soicon295,United States,10500000,56600.0,401.0,11.0
Guns N' Roses,Guns N' Roses,Brazil,10500000,134300.0,9700.0,249.0
fouseyTUBE,fouseyTUBE,United States,10500000,122800.0,2600.0,302.0
Tanner Fox,MTflims,,10500000,140400.0,7000.0,521.0
Playing with Rafael,Playing with Rafael,Brazil,10500000,59000.0,1400.0,0.0
설기양SULGI,설기양SULGI,United States,10500000,955600.0,22200.0,673.0
Rawan and Rayan,Rawan and Rayan,Algeria,10500000,1000000.0,70800.0,4200.0
Hindi Fairy Tales,Hindi Fairy Tales,India,10500000,788200.0,10500.0,250.0
TwinRoozi 쌍둥이 루지,TwinRoozi 쌍둥이 루지,Indonesia,10400000,104200.0,0.0,0.0
How It Should Have Ended,HISHEdotcom,United States,10400000,117700.0,8500.0,121.0
"SaraBeautyCorner - DIY, Comedy, Makeup, Nail Art",SaraBeautyCorner,United States,10400000,31600.0,2000.0,43.0
Tomorrowland,TomorrowlandChannel,Brazil,10400000,54700.0,1500.0,82.0
Toymong tv 토이몽TV,Toymong tv 토이몽TV,,10400000,27100.0,210.0,0.0
Hindi Kahaniya,Hindi Kahaniya,India,10400000,56100.0,836.0,21.0
Stray Kids,Stray Kids,United States,10400000,1100000.0,141500.0,3800.0
Sadhguru,sadhguru,India,10400000,134900.0,6300.0,231.0
tomiii 11,tomiii 11,Mexico,10400000,74100.0,6700.0,600.0
5-Minute Crafts LIKE,5-Minute Crafts LIKE,United States,10400000,13300.0,140.0,4.0
LA DIVAZA,LA DIVAZA,Mexico,10400000,1000000.0,79700.0,6500.0
atv,atv,Turkey,10400000,11000.0,116.0,7.0
GNP Music,GemaNadaPertiwi,Indonesia,10400000,57900.0,1300.0,0.0
Sanjoy Das Official,Sanjoy Das Official,India,10400000,146600.0,24900.0,488.0
Lorrayne Oliveira,Lorrayne Oliveira,Brazil,10400000,573400.0,28000.0,1100.0
Times Music,timesmusicindia,India,10400000,665100.0,10000.0,620.0
Mussoumano,mamilosmolengas,Brazil,10400000,1400000.0,58500.0,3200.0
AsapSCIENCE,AsapSCIENCE,United States,10400000,584600.0,29200.0,662.0
BBC News عربي,BBCArabicNews,Morocco,10400000,34400.0,517.0,121.0
Comedy Captain,Comedy Captain,India,10400000,13300.0,122.0,4.0
はじめしゃちょー（hajime）,0214mex,Japan,10400000,1700000.0,43800.0,1800.0
Heroine Movies 2022,Heroine Movies 2022,India,10300000,248000.0,1500.0,20.0
Laurinha e Helena - Clubinho da Laura,JessicaJulioeBaby,Brazil,10300000,157600.0,3200.0,0.0
Talent Recap,Talent Recap,United States,10300000,74800.0,558.0,60.0
Red Chillies Entertainment,ChennaiExp2013,India,10300000,71500.0,885.0,23.0
Patty Mayo,Patty Mayo,United States,10300000,737500.0,27100.0,1200.0
Sing King,singkingkaraoke,United States,10300000,13400.0,206.0,13.0
PineappleStormTV,PineappleStormTV,Brazil,10200000,954200.0,61000.0,2100.0
[햄지]Hamzy,[햄지]Hamzy,United States,10200000,1900000.0,40900.0,1000.0
Receitas de Pai,Receitas de Pai,Brazil,10200000,92100.0,10400.0,312.0
5-Minute Recipes,5-Minute Recipes,India,10200000,38200.0,414.0,12.0
Hindi Countdown,Hindi Countdown,India,10200000,1300000.0,46100.0,1200.0
Sab Kuchh Sekho Jano,Sab Kuchh Sekho Jano,India,10200000,15200.0,1000.0,36.0
Dalas Review,DalasReview,Mexico,10200000,568800.0,47600.0,8700.0
T-STUDIO,T-STUDIO,Indonesia,10200000,28400.0,851.0,1.0
João Caetano,BrPVPHu3,Brazil,10200000,486500.0,40100.0,464.0
Viki Show,Viki Show,Russia,10200000,1100000.0,38700.0,1900.0
Wylsacom,Wylsacom,Russia,10200000,403700.0,17500.0,778.0
DRJ Records Specials,DRJ Records Specials,India,10200000,21500.0,123.0,4.0
Miniminter,miniminter,United Kingdom,10200000,1200000.0,77100.0,1300.0
Dynamo Gaming,Dynamo Gaming,India,10200000,210200.0,22900.0,148.0
CS Bisht Vines,CS Bisht Vines,India,10200000,2600000.0,25900.0,752.0
Survival Builder,Survival Builder,United States,10200000,147500.0,2200.0,120.0
서은일상이야기,서은일상이야기,,10200000,19700.0,148.0,0.0
hasanjr11,hasanjr11,Indonesia,10200000,656900.0,26500.0,2600.0
Islam Populer,Islam Populer,Indonesia,10200000,33100.0,998.0,129.0
Теремок ТВ,TeremokTV,,10200000,100000.0,845.0,0.0
Family Box,Family Box,Russia,10200000,522200.0,13400.0,208.0
вДудь,вДудь,Russia,10200000,0.0,0.0,0.0
The Daily Show with Trevor Noah,The Daily Show with Trevor Noah,United States,10200000,261500.0,9800.0,439.0
Doctor Mike,Doctor Mike,United States,10100000,1600000.0,68700.0,3700.0
Beast Philanthropy,Beast Philanthropy,United States,10100000,7900000.0,504700.0,23600.0
Shemaroo Bhakti,bhaktisongs,India,10100000,8600.0,173.0,17.0
Oneindia Hindi | वनइंडिया हिंदी,Oneindia Hindi | वनइंडिया हिंदी,India,10100000,2600.0,27.0,2.0
OneRepublic,OneRepublic,United States,10100000,512200.0,29900.0,340.0
truly,barcroftmedia,United States,10100000,21700.0,0.0,111.0
Jugnu Kids - Nursery Rhymes and Best Baby Songs,Jugnu Kids - Nursery Rhymes and Best Baby Songs,,10000000,229900.0,1700.0,0.0
ChuChuTV Español,ChuChuTV Español,,10000000,48000.0,248.0,0.0
Теремок - Песенки для детей,TeremokSongs,Russia,10000000,110600.0,576.0,0.0
VitalyzdTv,VitalyzdTv,United States,10000000,112300.0,3700.0,574.0
EugenBro,EugenBro,Russia,10000000,387900.0,19500.0,2000.0
Nickelodeon,Nickelodeon,,10000000,46400.0,503.0,0.0
UTKARSH CLASSES JODHPUR,UTKARSH CLASSES JODHPUR,India,10000000,150800.0,11000.0,430.0
BERTH-OH,BERTH-OH,Mexico,10000000,770900.0,24200.0,442.0
RUOK,RUOK,Brazil,10000000,389900.0,43600.0,2300.0
Vie Channel - HTV2,htv2channel,United States,10000000,70200.0,682.0,42.0
Orkun Işıtmak,ThePersica,Turkey,10000000,1700000.0,69300.0,2900.0
123 GO! Hindi,123 GO! Hindi,India,10000000,737700.0,5700.0,48.0
Family Fun Pack,familyfunpack,United States,10000000,125300.0,2200.0,130.0
Netflix Latinoamérica,Netflix Latinoamérica,,10000000,18300.0,551.0,38.0
مصطفى GAME OVER,مصطفى GAME OVER,Iraq,10000000,625800.0,73900.0,3200.0
Little Angel Bahasa Indonesia - Lagu Anak,Little Angel Bahasa Indonesia - Lagu Anak,,10000000,662900.0,4100.0,0.0
VYRLOriginals,VYRLOriginals,India,10000000,152900.0,6100.0,253.0
Mari Maria,makebymarimaria,Brazil,10000000,78700.0,4500.0,170.0
Eagle Home Entertainments,Eagle Home Entertainments,India,10000000,1400.0,11.0,0.0
SULE PRODUCTIONS,SULE PRODUCTIONS,Indonesia,9900000,361700.0,10300.0,522.0
Shruti Arjun Anand,shrutiarjunanand,India,9900000,616600.0,13200.0,625.0
Dharma Productions,Dharma Productions,India,9900000,32500.0,1200.0,156.0
SEVENGERS,SEVENGERS,India,9900000,5800000.0,509100.0,905.0
Programa Panico,panicopgm,Brazil,9900000,45000.0,1700.0,48.0
QPark,joycetanner,United States,9900000,197600.0,13800.0,219.0
The Voice Global,The Voice Global,United States,9900000,302500.0,2900.0,78.0
NH Studioz,nhstudioz,India,9900000,20100.0,156.0,4.0
Prince Royce,Prince Royce,United States,9900000,6400.0,638.0,18.0
MBCkpop,MBCkpop,Malaysia,9900000,2900.0,284.0,14.0
The Bee Family,ehbeefamily,United States,9900000,325100.0,15700.0,184.0
Fox News,FoxNewsChannel,United States,9900000,148900.0,5500.0,1600.0
Raditya Dika,Raditya Dika,Indonesia,9900000,430500.0,14800.0,741.0
Ini Talk Show,IniTalkShow,Indonesia,9900000,25200.0,290.0,17.0
SpriteDer SPD,SpriteDer SPD,Thailand,9900000,4400000.0,154400.0,3600.0
Classic Mr Bean,Classic Mr Bean,India,9900000,132600.0,1100.0,53.0
Heera Gold,Heera Gold,Pakistan,9900000,39400.0,1600.0,161.0
Survival Builder,Survival Builder,United States,10200000,147500.0,2200.0,120.0
서은일상이야기,서은일상이야기,,10200000,19700.0,148.0,0.0
hasanjr11,hasanjr11,Indonesia,10200000,656900.0,26500.0,2600.0
Islam Populer,Islam Populer,Indonesia,10200000,33100.0,998.0,129.0
Теремок ТВ,TeremokTV,,10200000,100000.0,845.0,0.0
Family Box,Family Box,Russia,10200000,522200.0,13400.0,208.0
вДудь,вДудь,Russia,10200000,0.0,0.0,0.0
The Daily Show with Trevor Noah,The Daily Show with Trevor Noah,United States,10200000,261500.0,9800.0,439.0
Doctor Mike,Doctor Mike,United States,10100000,1600000.0,68700.0,3700.0
Beast Philanthropy,Beast Philanthropy,United States,10100000,7900000.0,504700.0,23600.0
Oneindia Hindi | वनइंडिया हिंदी,Oneindia Hindi | वनइंडिया हिंदी,India,10100000,2600.0,27.0,2.0
OneRepublic,OneRepublic,United States,10100000,512200.0,29900.0,340.0
truly,barcroftmedia,United States,10100000,21700.0,0.0,111.0
Jugnu Kids - Nursery Rhymes and Best Baby Songs,Jugnu Kids - Nursery Rhymes and Best Baby Songs,,10000000,229900.0,1700.0,0.0
ChuChuTV Español,ChuChuTV Español,,10000000,48000.0,248.0,0.0
Теремок - Песенки для детей,TeremokSongs,Russia,10000000,110600.0,576.0,0.0
VitalyzdTv,VitalyzdTv,United States,10000000,112300.0,3700.0,574.0
EugenBro,EugenBro,Russia,10000000,387900.0,19500.0,2000.0
Nickelodeon,Nickelodeon,,10000000,46400.0,503.0,0.0
UTKARSH CLASSES JODHPUR,UTKARSH CLASSES JODHPUR,India,10000000,150800.0,11000.0,430.0
BERTH-OH,BERTH-OH,Mexico,10000000,770900.0,24200.0,442.0
RUOK,RUOK,Brazil,10000000,389900.0,43600.0,2300.0
Vie Channel - HTV2,htv2channel,United States,10000000,70200.0,682.0,42.0
123 GO! Hindi,123 GO! Hindi,India,10000000,737700.0,5700.0,48.0
Family Fun Pack,familyfunpack,United States,10000000,125300.0,2200.0,130.0
Netflix Latinoamérica,Netflix Latinoamérica,,10000000,18300.0,551.0,38.0
مصطفى GAME OVER,مصطفى GAME OVER,Iraq,10000000,625800.0,73900.0,3200.0
Little Angel Bahasa Indonesia - Lagu Anak,Little Angel Bahasa Indonesia - Lagu Anak,,10000000,662900.0,4100.0,0.0
VYRLOriginals,VYRLOriginals,India,10000000,152900.0,6100.0,253.0
Mari Maria,makebymarimaria,Brazil,10000000,78700.0,4500.0,170.0
Eagle Home Entertainments,Eagle Home Entertainments,India,10000000,1400.0,11.0,0.0
SULE PRODUCTIONS,SULE PRODUCTIONS,Indonesia,9900000,361700.0,10300.0,522.0
Shruti Arjun Anand,shrutiarjunanand,India,9900000,616600.0,13200.0,625.0
Dharma Productions,Dharma Productions,India,9900000,32500.0,1200.0,156.0
SEVENGERS,SEVENGERS,India,9900000,5800000.0,509100.0,905.0
Programa Panico,panicopgm,Brazil,9900000,45000.0,1700.0,48.0
QPark,joycetanner,United States,9900000,197600.0,13800.0,219.0
The Voice Global,The Voice Global,United States,9900000,302500.0,2900.0,78.0
Prince Royce,Prince Royce,United States,9900000,6400.0,638.0,18.0
MBCkpop,MBCkpop,Malaysia,9900000,2900.0,284.0,14.0
The Bee Family,ehbeefamily,United States,9900000,325100.0,15700.0,184.0
Fox News,FoxNewsChannel,United States,9900000,148900.0,5500.0,1600.0
Raditya Dika,Raditya Dika,Indonesia,9900000,430500.0,14800.0,741.0
Ini Talk Show,IniTalkShow,Indonesia,9900000,25200.0,290.0,17.0
SpriteDer SPD,SpriteDer SPD,Thailand,9900000,4400000.0,154400.0,3600.0
Classic Mr Bean,Classic Mr Bean,India,9900000,132600.0,1100.0,53.0
Heera Gold,Heera Gold,Pakistan,9900000,39400.0,1600.0,161.0
