nome_canal,perfil_canal,inscritos,pais,avg_views,avg_likes,avg_comments
tseries,T-Series,229500000,India,103800.0,2800.0,158.0
setindia,SET India,147200000,India,0.0,0.0,0.0
checkgate,Cocomelon - Nursery Rhymes,146600000,,9500000.0,48300.0,0.0
MrBeast,MrBeast,117000000,United States,68500000.0,2900000.0,99900.0
PewDiePie,PewDiePie,111600000,United States,1400000.0,110700.0,7800.0
✿ Kids Diana Show,✿ Kids Diana Show,103400000,,6300000.0,20700.0,0.0
Like Nastya,Like Nastya,102400000,,4400000.0,21100.0,0.0
WWEFanNation,WWE,91800000,United States,144900.0,5100.0,207.0
Vlad and Niki,Vlad and Niki,90500000,,7000000.0,27400.0,0.0
zeemusiccompany,Zee Music Company,89700000,India,89600.0,2400.0,91.0
BLACKPINK,BLACKPINK,82800000,United States,1800000.0,297300.0,4500.0
GoldminesTelefilms,Goldmines,79500000,India,53500.0,673.0,27.0
5-Minute Crafts,5-Minute Crafts,77900000,India,236200.0,1500.0,57.0
sabtv,Sony SAB,73900000,India,45600.0,757.0,18.0
BANGTANTV,BANGTANTV,71700000,India,1700000.0,398800.0,8800.0
ibighit,HYBE LABELS,68800000,United States,2900000.0,179600.0,3900.0
KondZilla,Canal KondZilla,66300000,Brazil,39200.0,1700.0,247.0
zeetv,Zee TV,64200000,India,8900.0,80.0,2.0
filmigaane,Shemaroo Filmi Gaane,62600000,India,15200.0,172.0,7.0
SmartBooksMedia,Pinkfong Baby Shark - Kids' Songs & Stories,62300000,,350100.0,924.0,0.0
ChuChu TV Nursery Rhymes & Kids Songs,ChuChu TV Nursery Rhymes & Kids Songs,59700000,,147000.0,855.0,0.0
dudeperfect,Dude Perfect,58600000,United States,7100000.0,207600.0,6700.0
movieclips,Movieclips,58100000,United States,9200.0,142.0,13.0
colorstv,Colors TV,57600000,India,6700.0,73.0,2.0
Marshmello,Marshmello,56100000,United States,1700000.0,88500.0,4500.0
tseriesbhakti,T-Series Bhakti Sagar,56000000,India,20700.0,458.0,44.0
tipsofficial,Tips Official,55300000,India,336600.0,2300.0,84.0
BHOJPURIWAVE,Wave Music,54900000,,60100.0,1400.0,106.0
aajtak,Aaj Tak,54900000,India,3200.0,45.0,5.0
sonymusicindiaSME,Sony Music India,54600000,India,861600.0,22200.0,286.0
ReinoMariaElenaWalsh,El Reino Infantil,53500000,,43500.0,255.0,0.0
EdSheeran,Ed Sheeran,52600000,United States,222600.0,11100.0,790.0
LooLooKids,LooLoo Kids - Nursery Rhymes and Children's Songs,51200000,United States,332000.0,5500.0,0.0
taylorswift,Taylor Swift,49600000,United States,3500000.0,102100.0,1700.0
yrf,YRF,49100000,India,58900.0,3200.0,29.0
BillionSurpriseToys - English Kids Songs & Cartoon,BillionSurpriseToys - English Kids Songs & Cartoon,47900000,,191000.0,0.0,0.0
infobellshindirhymes,Infobells - Hindi,47600000,,187700.0,841.0,0.0
JuegaGerman,JuegaGerman,46600000,Mexico,874000.0,85900.0,3000.0
Badabun,Badabun,46000000,Mexico,8500.0,394.0,7.0
felipeneto,Felipe Neto,44700000,Brazil,884900.0,107000.0,1700.0
BRIGHT SIDE,BRIGHT SIDE,44200000,United States,43100.0,1100.0,77.0
vcsabiavideos,Você Sabia?,44100000,Brazil,530700.0,54000.0,874.0
sonymusicindiaVEVO,SonyMusicIndiaVEVO,43900000,India,59400.0,1500.0,51.0
KatyPerryMusic,Katy Perry,43500000,,84400.0,8200.0,871.0
getmovies,Get Movies,43200000,,69900.0,366.0,0.0
DjWalkzz,Alan Walker,42700000,United States,104500.0,9900.0,477.0
A4,A4,42500000,Russia,11200000.0,404500.0,27100.0
ShemarooEnt,Shemaroo,42300000,India,47400.0,439.0,13.0
Like Nastya Show,Like Nastya Show,41800000,,94000.0,453.0,0.0
ABSCBNOnline,ABS-CBN Entertainment,41500000,Philippines,1400.0,19.0,1.0
Voot Kids,Voot Kids,41500000,,523700.0,4800.0,0.0
speedrecordss,Speed Records,41500000,India,23500.0,1200.0,57.0
LittleBabyBum,Little Baby Bum - Nursery Rhymes & Kids Songs,40100000,,88000.0,175.0,0.0
LuisitoComunicaa,Luisito Comunica,39800000,Mexico,2700000.0,93000.0,2900.0
MashaMedvedTV,Маша и Медведь,39700000,,1600000.0,9000.0,0.0
Shakira,Shakira,39300000,United States,207000.0,9400.0,829.0
KimberlyLoaiza,Kimberly Loaiza,39000000,Mexico,11600000.0,524300.0,16900.0
venus,Ishtar Music,38700000,India,35700.0,941.0,13.0
luccasneto,LUCCAS NETO - LUCCAS TOON,38400000,Brazil,419500.0,6600.0,0.0
TheEllenShow,TheEllenShow,38300000,United States,7700.0,229.0,18.0
gr6explode,GR6 EXPLODE,38200000,Brazil,944900.0,42000.0,821.0
XXXTENTACION,XXXTENTACION,38100000,United States,812500.0,103300.0,8100.0
toysandcolors,Toys and Colors,38000000,,1000000.0,1100.0,0.0
WorkpointOfficial,WorkpointOfficial,37700000,Thailand,8400.0,116.0,5.0
MashaBearEN,Masha and The Bear,37700000,,893300.0,4200.0,0.0
ARY Digital HD,ARY Digital HD,37400000,Pakistan,12000.0,93.0,4.0
AddictedA1,CarryMinati,37300000,India,14700000.0,2700000.0,110000.0
DaddyYankeeOFFTV,Daddy Yankee,37300000,Colombia,60900.0,5100.0,97.0
shfa2 - شفا,shfa2 - شفا,37000000,,593800.0,3900.0,0.0
TEDxTalks,TEDx Talks,36800000,United States,199.5,4.0,0.0
shfa,shfa,36700000,France,2300000.0,31800.0,0.0
SuperSimpleSongs,Super Simple Songs - Kids Songs,36500000,,946900.0,2000.0,0.0
Jkk Entertainment,Jkk Entertainment,36500000,India,14500000.0,105600.0,1200.0
Mikecrack,Mikecrack,35700000,Mexico,932800.0,76600.0,1500.0
Ozuna,Ozuna,35600000,United States,24600000.0,141700.0,2400.0
Goldmines Gaane Sune Ansune,Goldmines Gaane Sune Ansune,35600000,India,31100.0,243.0,11.0
gmmonetv,ช่อง one31,35500000,Thailand,4300.0,97.0,1.0
Like Nastya ESP,Like Nastya ESP,35000000,,304500.0,1200.0,0.0
UltraHindi,Ultra Bollywood,34600000,India,70600.0,429.0,12.0
harpalgeo,HAR PAL GEO,34600000,Pakistan,10300.0,88.0,1.0
Maria Clara & JP,Maria Clara & JP,34500000,,2600000.0,13900.0,0.0
abpnewstv,ABP NEWS,34300000,India,1900.0,20.0,2.0
sonypalindia,Sony PAL,34300000,India,8900.0,108.0,8.0
TotalGaming093,Total Gaming,34100000,India,477000.0,48800.0,3000.0
YouTube,YouTube,34000000,United States,11800000.0,1200000.0,61400.0
markiplierGAME,Markiplier,34000000,United States,2600000.0,164600.0,9200.0
Ryan's World,Ryan's World,33700000,,457300.0,1900.0,0.0
vegetta777,VEGETTA777,33600000,Mexico,223400.0,22200.0,356.0
Geet MP3,Geet MP3,33400000,India,3800000.0,78000.0,7600.0
tseriesapnapunjab,T-Series Apna Punjab,33200000,India,20700.0,897.0,33.0
LaGranjaDeZenon,La Granja de Zenón,33100000,,498900.0,1900.0,0.0
NoCopyrightSounds,NoCopyrightSounds,33000000,United States,336400.0,12900.0,786.0
IndiaTV,IndiaTV,33000000,India,9500.0,167.0,10.0
SSSniperWolf,SSSniperWolf,33000000,United States,2700000.0,76700.0,4600.0
KHANDESHI MOVIES,KHANDESHI MOVIES,32799999,India,893100.0,9300.0,178.0
Ch3Thailand,Ch3Thailand,32500000,Thailand,96800.0,980.0,20.0
Vlad và Nikita,Vlad và Nikita,32100000,,1800000.0,5500.0,0.0
selenagomez,Selena Gomez,32000000,United States,1600000.0,139300.0,5800.0
tseriesoldisgold,Bollywood Classics,31900000,India,178500.0,1600.0,37.0
erosentertainment,Eros Now Music,31900000,India,21900.0,347.0,23.0
GENIAL,GENIAL,31600000,Mexico,33000.0,1100.0,37.0
PowerKidstv,PowerKids TV,31400000,India,205900.0,0.0,0.0
rajshri,Rajshri,31300000,India,24600.0,282.0,10.0
SongsOfIndianCinema,Saregama Music,31300000,India,13700.0,358.0,20.0
MrBean,Mr Bean,31200000,India,134800.0,2000.0,68.0
SMTOWN,SMTOWN,31000000,United States,359100.0,36500.0,1100.0
babybus,BabyBus - Kids Songs and Cartoons,30800000,,1000000.0,1700.0,0.0
DisneyMusicVEVO,DisneyMusicVEVO,30800000,United States,125500.0,4700.0,245.0
Ricis Official,Ricis Official,30600000,Indonesia,556700.0,24900.0,726.0
AllTrapNation,Trap Nation,30600000,United States,45000.0,1900.0,77.0
latenight,The Tonight Show Starring Jimmy Fallon,30400000,United States,126200.0,2300.0,190.0
rezendeevil,rezendeevil,30200000,Brazil,274900.0,17700.0,416.0
AttaHalilintar,AH,30100000,Indonesia,767700.0,27400.0,1900.0
Techno Gamerz,Techno Gamerz,30000000,India,6700000.0,349000.0,19800.0
WWRBhojpuri,Worldwide Records Bhojpuri,29900000,India,78700.0,2100.0,91.0
SpinninRec,Spinnin' Records,29800000,United States,33600.0,1700.0,53.0
ImagineDragons,ImagineDragons,29400000,United States,85800.0,9300.0,119.0
theofficialpeppa,Peppa Pig - Official Channel,29300000,,318800.0,1100.0,0.0
MR. INDIAN HACKER,MR. INDIAN HACKER,29100000,India,8199999.0,640400.0,25300.0
Wow Kidz,Wow Kidz,29000000,,129800.0,1300.0,0.0
UltraRecords,Ultra Records,29000000,United States,18100.0,703.0,25.0
Maluma,Maluma,29000000,Colombia,3900000.0,97100.0,3000.0
Genevieve's Playhouse - Learning Videos for Kids,Genevieve's Playhouse - Learning Videos for Kids,28900000,,3400000.0,3600.0,0.0
jacksepticeye,jacksepticeye,28800000,United States,1200000.0,68400.0,3900.0
GMANETWORK,GMANetwork,28800000,Philippines,3500.0,97.0,1.0
toyoraljanahtv,قناة طيور الجنة | toyoraljanahtv,28800000,,110600.0,0.0,0.0
DONA 도나,DONA 도나,28800000,United States,1100000.0,7600.0,183.0
Karolgmusic,KAROL G,28700000,Colombia,45900000.0,988600.0,48200.0
TalkingTomCat,Talking Tom,28600000,United States,166800.0,875.0,119.0
Little Angel: Nursery Rhymes & Kids Songs,Little Angel: Nursery Rhymes & Kids Songs,28400000,,527200.0,2000.0,0.0
zeenews,Zee News,28300000,India,6700.0,83.0,12.0
Diana and Roma ESP,Diana and Roma ESP,28100000,,1500000.0,5600.0,0.0
TheLateLateShow,The Late Late Show with James Corden,28000000,United States,43200.0,817.0,63.0
व्लाद और निकिता,व्लाद और निकिता,28000000,,218400.0,1300.0,0.0
TwiNboTzVids,Lucas and Marcus,27800000,United States,656900.0,18400.0,1100.0
TheDonato,TheDonato,27800000,Mexico,731500.0,49200.0,1000.0
infobellstamil,infobells - Tamil,27400000,,335100.0,1400.0,0.0
AboFlah,AboFlah,27200000,Iraq,2600000.0,371800.0,11100.0
adityamusic,Aditya Music,27100000,India,20100.0,371.0,20.0
taylorgangent,Wiz Khalifa,26900000,United States,1100000.0,58300.0,1800.0
Bounce Patrol - Kids Songs,Bounce Patrol - Kids Songs,26800000,,205500.0,832.0,0.0
michaeljackson,Michael Jackson,26800000,United States,115100.0,7600.0,657.0
infobellstelugu,infobells - Telugu,26600000,,70900.0,288.0,0.0
enchufetv,enchufetv,26600000,Ecuador,231900.0,14200.0,235.0
TheDiamondMinecart,DanTDM,26300000,United States,466600.0,25100.0,2500.0
toycantando,toycantando,26300000,,73200.0,679.0,0.0
Sandeep Maheshwari,Sandeep Maheshwari,26200000,India,1700000.0,111400.0,6900.0
WorldStarHipHopTV,WORLDSTARHIPHOP,26100000,United States,18500.0,551.0,39.0
jypentertainment,JYP Entertainment,25900000,United States,904200.0,110200.0,3900.0
xSkyHeLLxx,Renato Garcia,25900000,Brazil,685900.0,66000.0,1200.0
VanossGaming,VanossGaming,25800000,United States,1200000.0,54400.0,1400.0
nickelodeonjuniorfr,Nick Jr.,25800000,,73600.0,170.0,0.0
Goldmines Dishoom,Goldmines Dishoom,25800000,,25500.0,253.0,0.0
1MILLION Dance Studio,1MILLION Dance Studio,25700000,India,35700.0,2100.0,27.0
LosPolinesios,LosPolinesios,25700000,Mexico,840700.0,37700.0,1700.0
adityamovies,Aditya Movies,25600000,India,27600.0,909.0,28.0
mariliamendoncareal,Marília Mendonça,25400000,Brazil,2400000.0,51000.0,1900.0
beyonce,Beyoncé,25400000,United States,0.0,0.0,0.0
MashaOso,Masha y el Oso,25300000,,323500.0,2100.0,0.0
Raffy Tulfo in Action,Raffy Tulfo in Action,25300000,Philippines,669200.0,9700.0,1300.0
RihannaVEVO,RihannaVEVO,25300000,United States,2000000.0,101000.0,3500.0
NewOnNetflix,Netflix,25100000,United States,96400.0,1600.0,151.0
Jess No Limit,Jess No Limit,25100000,Indonesia,406600.0,10800.0,797.0
RatitasPandilleras,Las Ratitas,25000000,,318100.0,5300.0,0.0
smosh,Smosh,24900000,United States,127600.0,10400.0,334.0
WatchMojo,WatchMojo.com,24900000,United States,63000.0,2000.0,235.0
Crazy XYZ,Crazy XYZ,24700000,India,4200000.0,322400.0,11100.0
postmalone,Post Malone,24700000,United States,118300.0,11600.0,458.0
davidguettavevo,David Guetta,24700000,Brazil,81000.0,3600.0,184.0
shemaroomovies,Shemaroo Movies,24600000,India,44900.0,464.0,12.0
Rans Entertainment,Rans Entertainment,24500000,Indonesia,584200.0,19200.0,502.0
Amit Bhadana,Amit Bhadana,24400000,India,9300000.0,610300.0,137700.0
LOENENT,1theK (원더케이),24300000,Indonesia,7400.0,625.0,24.0
Chloe Ting,Chloe Ting,24300000,United States,303400.0,11500.0,439.0
TheEnaldinhO,Enaldinho,24200000,Brazil,2000000.0,59200.0,1300.0
ColdplayVEVO,Coldplay,24200000,United States,243500.0,14900.0,834.0
Diana and Roma HIN,Diana and Roma HIN,24100000,,96200.0,569.0,0.0
ChrisBrownTV,Chris Brown,24100000,United States,20400000.0,773200.0,36200.0
TRANS7indonesia,TRANS7 OFFICIAL,24000000,Indonesia,4400.0,43.0,5.0
Goldmines Bollywood,Goldmines Bollywood,23900000,India,19300.0,105.0,3.0
NinjasHyper,Ninja,23900000,United States,243500.0,11900.0,607.0
ABPLIVE,ABPLIVE,23900000,India,2200.0,47.0,1.0
JamesCharles,James Charles,23800000,United States,1000000.0,51900.0,1900.0
HumNetwork,HUM TV,23700000,Pakistan,2700.0,16.0,0.0
Logan Paul,Logan Paul,23600000,United States,4300000.0,252900.0,11500.0
Happy Lives,Happy Lives,23400000,,12800.0,37.0,0.0
EnriqueIglesiasPlay,Enrique Iglesias,23400000,United States,103800.0,4000.0,507.0
Troom Troom,Troom Troom,23300000,,178600.0,1600.0,82.0
NickyJamTV,NickyJamTV,23300000,Colombia,30800.0,2000.0,76.0
netdmuzikk,netd müzik,23300000,Turkey,8500.0,232.0,44.0
Mister Max,Mister Max,23300000,Russia,481500.0,12700.0,896.0
WB Kids,WB Kids,23200000,,61400.0,672.0,0.0
mildicasdemulher,Tina Pontes,23200000,Brazil,71200.0,872.0,0.0
JellyYT,Jelly,23100000,United States,180800.0,8900.0,1000.0
Anuel AA,Anuel AA,23100000,Colombia,2300000.0,152000.0,7500.0
SesameStreet,Sesame Street,23100000,,106600.0,280.0,0.0
The Lallantop,The Lallantop,23100000,India,24300.0,640.0,76.0
likenastyaae,Like Nastya AE,23000000,,552100.0,2700.0,0.0
Frost Diamond,Frost Diamond,23000000,Indonesia,396900.0,22100.0,837.0
MrBeast en Español,MrBeast en Español,23000000,Mexico,7200000.0,294100.0,9100.0
D Billions,D Billions,22900000,,1300000.0,987.0,0.0
onemeeeliondollars,Mark Rober,22900000,United States,5400000.0,408800.0,27600.0
VenusMovies,Venus Movies,22800000,India,58800.0,631.0,10.0
Miss Katy,Miss Katy,22700000,Russia,674800.0,14500.0,736.0
DrossRotzank,DrossRotzank,22700000,Mexico,1800000.0,146700.0,5900.0
AmericasGotTalent,America's Got Talent,22700000,United States,243000.0,4800.0,126.0
Technical Guruji,Technical Guruji,22700000,India,491100.0,30200.0,1800.0
Diana and Roma ARA,Diana and Roma ARA,22500000,,612400.0,3200.0,0.0
gmmgrammyofficial,GMM GRAMMY OFFICIAL,22500000,Thailand,4800.0,169.0,3.0
Smile Family,Smile Family,22300000,,55000.0,285.0,0.0
goldmineshindi,Goldmines Movies,22300000,India,8500.0,96.0,7.0
TED,TED,22300000,United States,20500.0,417.0,66.0
PeppaLatinoAmericano,Peppa Pig Español Latino - Canal Oficial,22300000,,285200.0,1700.0,0.0
mmoshaya,mmoshaya,22300000,Saudi Arabia,1700000.0,17600.0,775.0
WHBBP,White Hill Music,22200000,India,16000.0,829.0,41.0
WaveMusicBhojpuri,Wave Music Bhojpuri,22200000,India,7700.0,91.0,7.0
sia,Sia,22200000,United States,0.0,0.0,0.0
PenIndiaPvtLimited,Pen Movies,22100000,India,173500.0,5500.0,184.0
Brent Rivera,Brent Rivera,22100000,United States,3200000.0,194500.0,7300.0
oRugrat,FaZe Rug,22100000,United States,2600000.0,99400.0,7600.0
Paulo Londra,Paulo Londra,22100000,Argentina,1300000.0,82800.0,2300.0
starplus,StarPlus,21900000,India,26100.0,437.0,10.0
PrestonPlayz,Preston,21900000,United States,1000000.0,28400.0,1100.0
BabyBus - Canciones Infantiles & Videos para Niños,BabyBus - Canciones Infantiles & Videos para Niños,21800000,,112700.0,458.0,0.0
Juan De Dios Pantoja,Juan De Dios Pantoja,21700000,Mexico,6200000.0,355700.0,5300.0
shfa show India,shfa show India,21600000,,1100000.0,7400.0,0.0
Like Nastya PRT,Like Nastya PRT,21600000,,413000.0,1900.0,0.0
CharliesVlogs,Charlie Puth,21600000,United States,99500.0,8600.0,528.0
SSundee,SSundee,21500000,United States,1300000.0,68500.0,3600.0
★ Kids Roma Show,★ Kids Roma Show,21400000,,986000.0,3600.0,0.0
Goldmines Cineplex,Goldmines Cineplex,21400000,India,6900.0,58.0,3.0
LankyBox,LankyBox,21300000,United States,262300.0,4100.0,181.0
FGTeeV,FGTeeV,21300000,United States,608400.0,8300.0,1100.0
Tasty,Tasty,21100000,United States,60000.0,3400.0,33.0
UltraMovieParlour,Ultra Movie Parlour,20900000,India,34600.0,358.0,11.0
NationalGeographic,National Geographic,20900000,United States,30700.0,723.0,25.0
5-Minute Crafts DIY,5-Minute Crafts DIY,20900000,India,11100.0,240.0,7.0
Baim Paula,Baim Paula,20900000,Indonesia,862500.0,50700.0,11500.0
Kids TV - Nursery Rhymes And Baby Songs,Kids TV - Nursery Rhymes And Baby Songs,20900000,,23200.0,64.0,0.0
CanalCanalha,Canal Canalha,20700000,Brazil,1400000.0,160300.0,3900.0
DisneyChannelLA,Disney Latinoamérica,20700000,,19300.0,207.0,0.0
BeastReacts,Beast Reacts,20600000,United States,8199999.0,228400.0,3900.0
Brave Wilderness,Brave Wilderness,20600000,United States,287600.0,9100.0,1000.0
RotanaAudio,Rotana,20500000,Saudi Arabia,16800.0,390.0,25.0
Vlad and Niki Arabic,Vlad and Niki Arabic,20500000,,443000.0,1900.0,0.0
Zhong,Zhong,20500000,United States,1400000.0,76800.0,3600.0
Alan Becker,Alan Becker,20500000,United States,808500.0,80800.0,2800.0
JakePaulProductions,Jake Paul,20400000,United States,1300000.0,50700.0,1900.0
TheElenaYa,Diana and Roma EN,20400000,,2200000.0,5300.0,0.0
toyorbabytv,toyorbabytv,20300000,,125200.0,0.0,0.0
BuzzFeedVideo,BuzzFeedVideo,20300000,United States,26900.0,537.0,23.0
TelenovelaTelevisa,Tlnovelas,20300000,Mexico,12100.0,241.0,11.0
LazarBeam,LazarBeam,20300000,United States,1600000.0,98200.0,6900.0
gmapublicaffairs,GMA Public Affairs,20200000,Philippines,3700.0,39.0,4.0
MrVivekBindra,Dr. Vivek Bindra: Motivational Speaker,20200000,India,320800.0,20100.0,836.0
Kinder Spielzeug Kanal,Kinder Spielzeug Kanal,20200000,,67000.0,164.0,0.0
NetflixIndiaOfficial,Netflix India,20200000,India,57300.0,1400.0,89.0
AuthenticGames,AuthenticGames,20200000,Brazil,16700.0,1500.0,176.0
SlivkiChanel,SlivkiShow,20100000,Russia,2100000.0,121500.0,3500.0
Totoy kids - Português,Totoy kids - Português,20100000,,69400.0,872.0,0.0
5-Minute Crafts PLAY,5-Minute Crafts PLAY,20100000,India,29900.0,216.0,12.0
TheFineBros,REACT,20100000,United States,94100.0,4000.0,227.0
VEVO,Vevo,20100000,United States,51900.0,552.0,19.0
HaerteTest,HaerteTest,20000000,India,24600.0,122.0,14.0
pencilmation,Pencilmation,20000000,United States,101600.0,1200.0,47.0
romeo,Romeo Santos,19900000,United States,69400.0,6500.0,325.0
Mnet,Mnet K-POP,19900000,United States,45500.0,2800.0,177.0
PTXofficial,Pentatonix,19900000,United States,350500.0,18900.0,959.0
Sun TV,Sun TV,19900000,India,62500.0,1400.0,12.0
MARVEL,Marvel Entertainment,19900000,United States,142100.0,8200.0,367.0
Eva Bravo Play,Eva Bravo Play,19800000,,399800.0,2300.0,0.0
fatosdesconhecidos,Fatos Desconhecidos,19800000,Brazil,108700.0,12300.0,528.0
corbuzier,Deddy Corbuzier,19700000,Indonesia,1400000.0,30600.0,3400.0
Noor Stars,Noor Stars,19700000,Iraq,1000000.0,90900.0,5000.0
gottalentglobal,Got Talent Global,19700000,United States,43100.0,778.0,28.0
Infinite,Infinite,19700000,United States,630700.0,15400.0,695.0
Kurzgesagt,Kurzgesagt – In a Nutshell,19700000,United States,4400000.0,211800.0,6300.0
Dushyant kukreja,Dushyant kukreja,19600000,India,2100000.0,139700.0,353.0
invictorgs3,invictor,19600000,Mexico,523700.0,35900.0,794.0
gordonramsay,Gordon Ramsay,19500000,United States,96000.0,3100.0,273.0
Gusttavo Lima Oficial,Gusttavo Lima Oficial,19500000,Brazil,6500000.0,49300.0,1400.0
Vania Mania Kids,Vania Mania Kids,19500000,,787100.0,2700.0,0.0
RobinHoodGamer1,Robin Hood Gamer,19500000,Brazil,739900.0,51300.0,748.0
NBA,NBA,19500000,United States,39800.0,1500.0,59.0
TroomTroom_Es,Troom Troom Es,19400000,Mexico,67000.0,1000.0,56.0
AlejoIgoa,Alejo Igoa,19300000,Argentina,7600000.0,131100.0,17900.0
OfficialClashOfClans,Clash of Clans,19300000,United States,354600.0,29700.0,767.0
The Royalty Family,The Royalty Family,19200000,United States,3700000.0,95100.0,0.0
Kids Channel India - Hindi Rhymes and Baby Songs,Kids Channel India - Hindi Rhymes and Baby Songs,19200000,,45500.0,301.0,0.0
DLSNews,DLS News,19200000,India,64099.0,1800.0,155.0
BabyBus - Cerita & Lagu Anak-anak,BabyBus - Cerita & Lagu Anak-anak,19100000,,262400.0,816.0,0.0
AS Gaming,AS Gaming,19100000,India,454700.0,38300.0,904.0
Crafty Panda,Crafty Panda,19100000,India,50700.0,278.0,8.0
greengoldtv,Green Gold TV - Official Channel,19100000,,234300.0,1900.0,0.0
Maya and Mary,Maya and Mary,19100000,,10500.0,0.0,0.0
BritainsGotTalent09,Britain's Got Talent,19000000,United Kingdom,185000.0,633.0,34.0
TRT Originals Urdu,TRT Originals Urdu,19000000,Pakistan,220300.0,9200.0,196.0
YOLO AVENTURAS,YOLO AVENTURAS,19000000,Mexico,812500.0,73000.0,325.0
JimmyKimmelLive,Jimmy Kimmel Live,18900000,United States,207200.0,3300.0,300.0
NichLmao,NichLmao,18900000,United States,844500.0,45200.0,6700.0
sonotekvideo,Sonotek,18800000,India,28700.0,933.0,111.0
Heidi & Zidane बच्चों की कहानियाँ,Heidi & Zidane बच्चों की कहानियाँ,18700000,,24300.0,137.0,0.0
The ACE Family,The ACE Family,18700000,United States,914200.0,39000.0,3300.0
Junya Official Channel,Junya Official Channel,18700000,Japan,411600.0,1700.0,36.0
PinkPanther,Official Pink Panther,18700000,,708100.0,5400.0,0.0
CookieSwirlC,CookieSwirlC,18700000,United States,101200.0,1600.0,371.0
MiawAug,MiawAug,18700000,Indonesia,492600.0,25300.0,1400.0
Sourav Joshi Vlogs,Sourav Joshi Vlogs,18600000,India,5600000.0,469800.0,10700.0
Emiway Bantai,Emiway Bantai,18600000,India,1500000.0,174400.0,18600.0
TheWillyrex,TheWillyrex,18500000,Spain,14100.0,921.0,303.0
ElTrollino,ElTrollino,18500000,Mexico,680900.0,28000.0,212.0
Village Cooking Channel,Village Cooking Channel,18500000,India,3200000.0,146200.0,2600.0
TheOdd1sOut,TheOdd1sOut,18500000,United States,908200.0,71700.0,1000.0
HiBestMan,HiMan,18500000,Russia,924600.0,62000.0,2400.0
kbsworld,KBS WORLD TV,18500000,Indonesia,4600.0,115.0,6.0
turmadamonicaTV,Turma da Mônica,18500000,,155200.0,1000.0,0.0
Vlad and Niki IDN,Vlad and Niki IDN,18400000,,207000.0,775.0,0.0
DanielSaboya,Dan-Sa / Daniel Saboya,18400000,Brazil,35000.0,778.0,39.0
SCTVIndonesia,SCTV,18300000,Indonesia,14400.0,272.0,23.0
PDKFilms,PDK Films,18300000,United States,534800.0,17200.0,1100.0
farrukotv,Farruko,18300000,United States,4099999.0,86700.0,3400.0
Rafa & Luiz,Rafa & Luiz,18300000,Brazil,590900.0,31800.0,812.0
Unbox Therapy,Unbox Therapy,18300000,United States,1200000.0,4500.0,377.0
Vsauce,Vsauce,18200000,United States,2000000.0,177800.0,8700.0
DUDUeCAROL,DUDU e CAROL,18200000,Brazil,2100000.0,87900.0,390.0
INCRÍVEL,INCRÍVEL,18200000,,15900.0,719.0,31.0
GEN HALILINTAR,GEN HALILINTAR,18200000,Indonesia,241100.0,8000.0,197.0
etvteluguindia,etvteluguindia,18100000,India,19500.0,216.0,4.0
Like Nastya Vlog,Like Nastya Vlog,18100000,,491400.0,1300.0,0.0
Naisa Alifia Yuriza (N.A.Y),Naisa Alifia Yuriza (N.A.Y),18000000,Indonesia,169000.0,9200.0,140.0
STARVIJAY,Vijay Television,18000000,India,14300.0,244.0,8.0
dj47maryn,Marmok,18000000,Russia,3900000.0,310900.0,8200.0
rsiammusic,RsiamMusic : อาร์สยาม,18000000,Thailand,7700.0,145.0,10.0
Kiddiestv Hindi - Nursery Rhymes & Kids Songs,Kiddiestv Hindi - Nursery Rhymes & Kids Songs,17900000,,12400.0,65.0,0.0
ThePoznavatel,Познаватель,17900000,Russia,1100000.0,41900.0,1800.0
rhettandlink2,Good Mythical Morning,17900000,United States,959700.0,34000.0,1400.0
Little Angel Español - Canciones Infantiles,Little Angel Español - Canciones Infantiles,17900000,,413500.0,2400.0,0.0
Matroix,Ali-A,17900000,United States,511200.0,19300.0,3000.0
TEDEducation,TED-Ed,17900000,United States,344700.0,14800.0,642.0
7clouds,7clouds,17800000,United States,156000.0,2200.0,111.0
TheGrefg,TheGrefg,17700000,Spain,1100000.0,80400.0,1400.0
SockeyeMedia,Mother Goose Club Playhouse,17700000,,8500.0,52.0,0.0
SebastianYatra,Sebastián Yatra,17700000,Colombia,14300.0,1400.0,112.0
JFlaMusic,JFlaMusic,17700000,United States,76900.0,5600.0,181.0
Masha e o Urso,Masha e o Urso,17700000,,321000.0,2100.0,0.0
aMOODIEsqueezie,SQUEEZIE,17600000,France,6100000.0,398700.0,6500.0
FactTechz,FactTechz,17600000,India,615100.0,38100.0,1400.0
SOMOY TV,SOMOY TV,17600000,Bangladesh,7500.0,145.0,15.0
SUPER SLICK SLIME SAM,SUPER SLICK SLIME SAM,17600000,Mexico,191200.0,6400.0,116.0
RobleisIUTU,RobleisIUTU,17600000,Argentina,733600.0,53900.0,1300.0
grammygoldofficia,Grammy Gold Official,17600000,Thailand,10100.0,396.0,10.0
portadosfundos,Porta dos Fundos,17500000,Brazil,799200.0,70500.0,1000.0
rkddigital,RKD Studios,17500000,India,563900.0,13000.0,173.0
Sony AATH,Sony AATH,17500000,Bangladesh,172100.0,1700.0,38.0
Stubborn Facts,Stubborn Facts,17500000,India,458800.0,6100.0,151.0
alanalan9635,Stokes Twins,17400000,United States,11900000.0,312400.0,26500.0
ArabGamesNetwork,شبكة العاب العرب | Arab Games Network,17400000,Algeria,178000.0,18800.0,806.0
iberethenorio,Manual do Mundo,17300000,Brazil,343300.0,39000.0,773.0
Dhar Mann,Dhar Mann,17300000,United States,5000000.0,82000.0,4900.0
triggeredinsaan,Triggered Insaan,17300000,India,7800000.0,665800.0,13800.0
indiancomedy,Shemaroo Comedy,17300000,India,62900.0,596.0,12.0
Willyrex,Willyrex,17200000,Mexico,76200.0,6400.0,101.0
Sidemen,Sidemen,17200000,United Kingdom,9700000.0,583700.0,17500.0
Goldmines Great Indian Comedy,Goldmines Great Indian Comedy,17200000,India,8200.0,102.0,4.0
fedevigevani,Fede Vigevani,17200000,Mexico,3000000.0,170700.0,6700.0
EeOneGuy,EeOneGuy,17100000,Russia,269200.0,9100.0,6500.0
Jane ASMR 제인,Jane ASMR 제인,17100000,Indonesia,300400.0,4700.0,265.0
musicalrmastv,الـريماس - Al-Remas,17000000,Iraq,80400.0,2500.0,235.0
IGNentertainment,IGN,17000000,United States,49000.0,1200.0,150.0
JasonDerulo,Jason Derulo,17000000,United States,54500.0,2900.0,44.0
SonyMusicSouthVEVO,SonyMusicSouthVEVO,17000000,,9500.0,147.0,5.0
aynakoitsroi,Guava Juice,17000000,United States,94800.0,2000.0,305.0
AnittaOficial,Anitta,16900000,Brazil,616500.0,44300.0,2500.0
tanboykun,tanboy kun,16900000,Indonesia,1800000.0,38900.0,1800.0
Zuni and Family,Zuni and Family,16900000,,79900.0,433.0,0.0
zbingzbing,zbing z.,16900000,Thailand,325600.0,10800.0,439.0
Smile Family Spanish,Smile Family Spanish,16800000,,381400.0,1400.0,0.0
Apple,Apple,16800000,,702600.0,20000.0,0.0
TheBrianMaps,TheBrianMaps,16800000,Russia,1300000.0,195100.0,11800.0
Tu COSMOPOLIS,Tu COSMOPOLIS,16800000,Mexico,75500.0,5900.0,481.0
Dangal TV Channel,Dangal TV Channel,16800000,India,89400.0,792.0,5.0
Katie Angel,Katie Angel,16700000,Mexico,191800.0,11400.0,1400.0
LIV Crime,LIV Crime,16700000,India,93600.0,1100.0,29.0
Prajapati News,Prajapati News,16700000,India,17800.0,1100.0,55.0
Blippi - Educational Videos for Kids,Blippi - Educational Videos for Kids,16600000,,869500.0,3000.0,0.0
jquintanac5,DeToxoMoroxo,16600000,Mexico,194300.0,14800.0,3600.0
Bizarrap,Bizarrap,16600000,Argentina,43400000.0,2600000.0,134900.0
queenofficial,Queen Official,16600000,United States,162800.0,16500.0,1100.0
IDEAS EN 5 MINUTOS,IDEAS EN 5 MINUTOS,16600000,Mexico,40100.0,270.0,7.0
News24page,News24,16500000,India,2100.0,36.0,6.0
GameTheory,The Game Theorists,16399999,United States,1900000.0,98800.0,5300.0
VICE,VICE,16399999,United States,337000.0,8000.0,1300.0
TRANSTVofficial,TRANS TV Official,16399999,Indonesia,1100.0,15.0,2.0
lescopaque,Les' Copaque Production,16399999,Indonesia,1200000.0,13900.0,241.0
Sandra Cires Art,Sandra Cires Art,16399999,Colombia,484500.0,30700.0,1600.0
ppextras,ExtraPolinesios,16399999,Mexico,51900.0,3400.0,679.0
marquesbrownlee,Marques Brownlee,16399999,United States,2600000.0,100000.0,5300.0
El Reino a Jugar,El Reino a Jugar,16399999,,73600.0,316.0,0.0
AMARINTV : อมรินทร์ทีวี,AMARINTV : อมรินทร์ทีวี,16300000,Thailand,10300.0,124.0,17.0
Jason Vlogs,Jason Vlogs,16300000,,785700.0,3000.0,0.0
Kaykai Salaider,Kaykai Salaider,16300000,Thailand,358900.0,26800.0,1100.0
And TV,And TV,16200000,India,2000.0,15.0,1.0
failarmy,FailArmy,16200000,United States,1500000.0,19800.0,1000.0
Aayu and Pihu Show,Aayu and Pihu Show,16200000,India,2900000.0,70900.0,5900.0
KSIOlajidebtHD,JJ Olatunji,16200000,United States,2300000.0,164800.0,4800.0
Zappy Toons - Hindi Nursery Rhymes and Stories,Zappy Toons - Hindi Nursery Rhymes and Stories,16200000,,51800.0,258.0,0.0
IvanaAlawi,Ivana Alawi,16200000,Philippines,2400000.0,96200.0,5700.0
boyceavenue,Boyce Avenue,16100000,Brazil,410600.0,10500.0,266.0
AlanChikinChow,Alan Chikin Chow,16100000,India,129100.0,1200.0,81.0
Like Nastya VNM,Like Nastya VNM,16000000,,310900.0,0.0,0.0
popchartbusters,Pop Chartbusters,16000000,India,6800.0,114.0,10.0
MegatoadStonie,Matt Stonie,16000000,United States,2400000.0,125900.0,1800.0
PitbullMusic,Pitbull,16000000,United States,15000.0,817.0,22.0
DopeLyrics,DopeLyrics,16000000,United States,10600.0,256.0,34.0
JenniferLopez,Jennifer Lopez,16000000,,0.0,0.0,0.0
Kids Play,Kids Play,16000000,,136900.0,611.0,0.0
FunFunMiniWorld,FunFun Toy Doll TV,16000000,United States,35700.0,508.0,0.0
Wow Kidz Action,Wow Kidz Action,15900000,,41500.0,407.0,0.0
Enes Batur,Enes Batur,15900000,Turkey,2200000.0,166900.0,8300.0
AdMe,AdMe,15800000,Russia,39300.0,1100.0,57.0
OGatoGalactico,Gato Galactico | GALÁXIA,15800000,Brazil,171800.0,8200.0,123.0
Busy Fun Ltd,Busy Fun Ltd,15800000,India,1800000.0,10000.0,327.0
movieclipsTRAILERS,Rotten Tomatoes Trailers,15800000,United States,40900.0,760.0,86.0
RCTI - LAYAR DRAMA INDONESIA,RCTI - LAYAR DRAMA INDONESIA,15800000,Indonesia,16000.0,260.0,14.0
FitDanceTV,FitDance,15800000,,32400.0,715.0,17.0
Like Nastya IDN,Like Nastya IDN,15800000,,280200.0,0.0,0.0
Dyland PROS,Dyland PROS,15700000,Indonesia,31200.0,1700.0,111.0
wifistudy,wifistudy,15700000,India,8900.0,741.0,26.0
With Kids[위드키즈],With Kids[위드키즈],15700000,United States,145500.0,0.0,0.0
laharimusic,Lahari Music | T-Series,15700000,India,7300.0,147.0,7.0
SriBalajiMovies,SriBalajiMovies,15600000,India,17300.0,123.0,2.0
Zach Choi ASMR,Zach Choi ASMR,15600000,United States,2100000.0,207000.0,830.0
SAM SMITH,SAM SMITH,15600000,United States,108300.0,6900.0,252.0
RomanAtwoodVlogs,Roman Atwood Vlogs,15600000,United States,619300.0,27600.0,1300.0
T3DDYgames,T3ddy,15600000,Brazil,504500.0,53500.0,1600.0
Vlad and Niki ESP,Vlad and Niki ESP,15500000,,1100000.0,6200.0,0.0
Fun For Kids TV - Hindi Rhymes,Fun For Kids TV - Hindi Rhymes,15500000,,0.0,0.0,0.0
gmmtv,GMMTV OFFICIAL​​,15500000,Thailand,42400.0,801.0,17.0
news18India,News18 India,15400000,India,1200.0,15.0,1.0
bbtvch7,Ch7HD,15400000,Thailand,7700.0,202.0,3.0
elcanaldePlimPlim,Plim Plim - Kids Songs & Episodes - Spanish,15400000,,461200.0,2100.0,0.0
popskids,POPS Kids,15400000,Indonesia,2800.0,20.0,0.0
LOKESH GAMER,LOKESH GAMER,15400000,India,208000.0,23900.0,864.0
Kerajinan 5-Menit,Kerajinan 5-Menit,15400000,Indonesia,15100.0,121.0,5.0
LEGO,LEGO,15300000,United States,23700.0,444.0,0.0
SelenaGomezVEVO,SelenaGomezVEVO,15300000,United States,1900000.0,149400.0,6100.0
bbchindi,BBC News Hindi,15300000,India,133400.0,0.0,258.0
ndtvindia,NDTV India,15300000,India,7400.0,164.0,24.0
La Rosa de Guadalupe,La Rosa de Guadalupe,15300000,Mexico,208800.0,1600.0,42.0
narendramodionline,NMF News,15300000,India,9300.0,190.0,19.0
hejproducao,Henrique e Juliano,15200000,Brazil,41900.0,2600.0,34.0
5-Minute Crafts FAMILY,5-Minute Crafts FAMILY,15200000,India,13000.0,128.0,5.0
Oyuncak Avı,Oyuncak Avı,15200000,,39100.0,0.0,2.0
sagawa,Sagawa /さがわ,15200000,United States,200800.0,1300.0,36.0
newvolgavideo,Volga Video,15200000,India,3200.0,27.0,1.0
mkmusicnews,MK MUSIC,15200000,Brazil,19800.0,1800.0,35.0
TheRichest,TheRichest,15200000,United States,11400.0,419.0,55.0
Super Senya,Super Senya,15200000,,65000.0,374.0,0.0
TalkingFriends,Talking Tom & Friends,15200000,United States,191100.0,1700.0,0.0
حِرف إبداعية في 5 دقائق,حِرف إبداعية في 5 دقائق,15200000,Egypt,31500.0,244.0,9.0
thairathonline,Thairath Online,15100000,Thailand,10600.0,139.0,20.0
Makiman131,Makiman131,15100000,Spain,409000.0,35700.0,744.0
LinusTechTips,Linus Tech Tips,15100000,United States,1500000.0,60200.0,3300.0
nianaguerrero,Niana Guerrero,15000000,Philippines,473800.0,19000.0,779.0
mariale,Mariale,15000000,Mexico,155700.0,3800.0,183.0
ranziscool,Ranz Kyle,15000000,Philippines,520799.0,14900.0,311.0
pognalishow,Дима Масленников,15000000,Russia,4800000.0,408600.0,18500.0
TWICE,TWICE,15000000,Philippines,545500.0,64900.0,843.0
RiotGamesInc,League of Legends,15000000,United States,1400000.0,48200.0,3400.0
TeamFilmsBhojpuri,Team Films Bhojpuri,15000000,India,12900.0,300.0,50.0
BollywoodClassics,Bollywood Classics,15000000,India,22400.0,165.0,7.0
ChallengeAcceptedInc,Aphmau,14900000,United States,2100000.0,50400.0,3600.0
Zach King,Zach King,14900000,United States,2600000.0,20600.0,951.0
Dave and Ava - Nursery Rhymes and Baby Songs,Dave and Ava - Nursery Rhymes and Baby Songs,14900000,,169100.0,523.0,0.0
PragatiVermaaShorts,Pragati Verma Shorts,14900000,India,2600000.0,213900.0,670.0
Daftar Populer,Daftar Populer,14900000,Indonesia,51000.0,1200.0,113.0
CraftBattleDuty,Lachlan,14900000,United States,535300.0,18700.0,749.0
Unspeakable,Unspeakable,14900000,United States,2800000.0,41100.0,3800.0
zncoficial,Zé Neto e Cristiano,14800000,Brazil,18900.0,1600.0,21.0
ERB,ERB,14800000,United States,2400000.0,167200.0,20900.0
kwebbelkop,Kwebbelkop,14800000,United States,68300.0,1600.0,188.0
MobileLegends5v5MOBA,Mobile Legends: Bang Bang Official,14800000,Indonesia,269900.0,4000.0,369.0
Arif muhammad,Arif muhammad,14800000,Indonesia,2600000.0,53700.0,1600.0
Johny FamilyShow,Johny FamilyShow,14800000,,50000.0,128.0,0.0
Totoy kids - Español,Totoy kids - Español,14800000,,50400.0,1300.0,0.0
jemproducoes,Jorge & Mateus Oficial,14800000,Brazil,16600.0,921.0,34.0
iTownGamePlay,iTownGamePlay *Terror&Diversión*,14800000,Mexico,65800.0,4400.0,178.0
It's Mamix,It's Mamix,14800000,Russia,3900000.0,230100.0,8600.0
majorlazer,Major Lazer Official,14800000,United States,13300.0,574.0,13.0
Planeta das Gêmeas,Planeta das Gêmeas,14700000,,281400.0,11800.0,30.0
MSA previously My Story Animated,MSA previously My Story Animated,14700000,United States,6400000.0,164100.0,5000.0
BlippiEspanol,Blippi Español,14700000,,368600.0,1000.0,0.0
LEGENDA FUNK,LEGENDA FUNK,14700000,Brazil,7700.0,273.0,7.0
XpressTV,XpressTV,14700000,Mexico,1200000.0,35800.0,405.0
حقائق وأسرار,حقائق وأسرار,14700000,Egypt,32800.0,1100.0,69.0
IDEIAS INCRÍVEIS,IDEIAS INCRÍVEIS,14600000,Brazil,11500.0,182.0,5.0
FueledByRamen,Fueled By Ramen,14600000,United States,82400.0,1800.0,119.0
Taarak Mehta Ka Ooltah Chashmah,Taarak Mehta Ka Ooltah Chashmah,14600000,India,161800.0,2900.0,48.0
MattyBRaps,MattyBRaps,14600000,United States,27500.0,735.0,0.0
collegehumor,CollegeHumor,14600000,United States,251100.0,17200.0,600.0
IISuperwomanII,Lilly Singh,14600000,United States,43000.0,2400.0,71.0
zeefilmimusic,Zee Music Classic,14600000,India,3500.0,55.0,2.0
PlayStation,PlayStation,14600000,United States,33300.0,1200.0,112.0
CNN,CNN,14600000,United States,259500.0,3600.0,1800.0
UFC,UFC - Ultimate Fighting Championship,14600000,United States,63200.0,1400.0,239.0
Genierock,Genierock,14600000,Thailand,327600.0,8300.0,315.0
Canal Nostalgia,Canal Nostalgia,14600000,,44900.0,6100.0,155.0
Drawblogs,Drawblogs,14500000,Mexico,15000.0,793.0,59.0
TheABSCBNNews,ABS-CBN News,14500000,Philippines,2700.0,24.0,4.0
Ajay Sharma,Ajay Sharma,14500000,India,409800.0,30700.0,56.0
Gyan Gamingㅤ,Gyan Gamingㅤ,14500000,India,103300.0,11100.0,424.0
Daily Dose Of Internet,Daily Dose Of Internet,14500000,United States,4400000.0,222900.0,6500.0
انصالة فاميلي I أنس و أصالة,انصالة فاميلي I أنس و أصالة,14400000,Egypt,2200000.0,135400.0,3500.0
Boram Tube ToysReview [보람튜브 토이리뷰],Boram Tube ToysReview [보람튜브 토이리뷰],14400000,,43900.0,228.0,0.0
Super Polina,Super Polina,14400000,Russia,3700.0,28.0,0.0
chadwildclay,Chad Wild Clay,14400000,United States,1100000.0,24800.0,4400.0
MartinGarrix,Martin Garrix,14400000,United States,35200.0,3300.0,73.0
MY FAMILY,MY FAMILY,14400000,India,615800.0,3500.0,74.0
Kuplinov ► Play,Kuplinov ► Play,14400000,Russia,1900000.0,118900.0,2600.0
O Canal do Joãozinho - Little Angel Português,O Canal do Joãozinho - Little Angel Português,14400000,,514700.0,2900.0,0.0
CH8vdo,ช่อง8 : Thai Ch8,14400000,Thailand,974.5,9.0,0.0
A2 Motivation by Arvind Arora,A2 Motivation by Arvind Arora,14400000,India,54600.0,8000.0,106.0
EdisonPts,EdisonPts,14300000,Russia,2000000.0,126900.0,5300.0
Hongyu ASMR 홍유,Hongyu ASMR 홍유,14300000,United States,700700.0,10400.0,283.0
TroomTroomRu,Трум Трум,14200000,,179800.0,2000.0,178.0
fcbarcelona,FC Barcelona,14200000,United States,103300.0,7700.0,243.0
inventonahoratv,Invento na Hora,14200000,Brazil,827200.0,111500.0,1700.0
DM - Desi Melodies,DM - Desi Melodies,14200000,India,54200.0,2300.0,108.0
camilaloures,Camila Loures,14200000,Brazil,186400.0,17000.0,297.0
Vlad and Niki ARA,Vlad and Niki ARA,14200000,,82200.0,858.0,0.0
SrtaLynaV,Lyna,14200000,Mexico,401000.0,17700.0,1100.0
crashcourse,CrashCourse,14200000,United States,40800.0,2400.0,165.0
OfficialTrapCity,Trap City,14200000,United States,22600.0,1200.0,46.0
MazhavilManorama,Mazhavil Manorama,14200000,India,26200.0,299.0,8.0
MasterskayaNastroeny,Мастерская Настроения,14200000,Russia,294000.0,6500.0,143.0
Doc Tops,Doc Tops,14200000,Mexico,403000.0,22900.0,448.0
whoisjimmy,How Ridiculous,14200000,United States,359100.0,13800.0,89.0
#Refugio Mental,#Refugio Mental,14200000,Argentina,226600.0,3600.0,51.0
5-Minute Crafts Recycle,5-Minute Crafts Recycle,14100000,India,36000.0,225.0,7.0
MNCTVOfficial,MNCTV OFFICIAL,14100000,Indonesia,2300.0,46.0,3.0
Dear Sir,Dear Sir,14100000,India,116600.0,8400.0,722.0
mispastelitosyoutub,Mis Pastelitos,14100000,Mexico,331300.0,14400.0,920.0
Auron,Auron,14000000,Mexico,1400000.0,86200.0,1400.0
bomberball,Bie The Ska,14000000,Thailand,310700.0,11000.0,468.0
AM3NlC,AM3NlC,14000000,Brazil,228300.0,26600.0,354.0
F2Freestylers,F2Freestylers - Ultimate Soccer Skills Channel,14000000,United Kingdom,408500.0,17500.0,381.0
NikkieTutorials,NikkieTutorials,14000000,United States,353800.0,20500.0,491.0
RosannaPansino,Rosanna Pansino,14000000,United States,81600.0,5700.0,67.0
Aadishakti Films,Aadishakti Films,14000000,,16300.0,565.0,82.0
dangmattsmith,DangMattSmith,14000000,,186500.0,6800.0,771.0
gmmchannel,GMM25Thailand,13900000,Thailand,1300.0,17.0,1.0
ABCNews,ABC News,13900000,United States,9200.0,84.0,87.0
Zig & Sharko,Zig & Sharko,13900000,,248600.0,1500.0,0.0
The MriDul,The MriDul,13900000,India,8500000.0,275300.0,13800.0
Yoeslan,Yoeslan,13900000,India,662400.0,12900.0,37.0
SRKASSAMESE,SRK MUSIC,13900000,India,120400.0,4400.0,140.0
GLENTYOUTUBE,ГЛЕНТ,13900000,Russia,1900000.0,144300.0,5300.0
vetealaversha,Darkar Company Studios,13900000,Mexico,86500.0,7200.0,223.0
NOBRU,NOBRU,13800000,Brazil,101800.0,9800.0,373.0
katakit_baby,Katakit Baby TV,13800000,Saudi Arabia,110400.0,1100.0,0.0
TazerCraft,TazerCraft,13800000,Brazil,211100.0,15900.0,859.0
MAIKI021,MAIKI021,13800000,Brazil,17800.0,2400.0,70.0
telemundotv,Telemundo,13800000,Argentina,7700.0,346.0,13.0
Like Nastya Stories,Like Nastya Stories,13800000,,131300.0,698.0,0.0
Wish 107.5,Wish 107.5,13700000,Philippines,66000.0,1700.0,223.0
ZEE5,ZEE5,13700000,India,344.0,2.0,0.0
Bispo Bruno Leonardo,Bispo Bruno Leonardo,13700000,Brazil,707200.0,232000.0,184800.0
WWWengie,Wengie,13700000,United States,0.0,0.0,0.0
Coke Studio,Coke Studio,13700000,Pakistan,44700.0,1300.0,74.0
hamaarbhojpuri,T-Series Hamaar Bhojpuri,13700000,India,11800.0,311.0,33.0
bandagarotasafada,Wesley Safadão,13700000,Brazil,949500.0,13000.0,270.0
boplayhard,PlayHard,13700000,Brazil,90200.0,7700.0,78.0
KompasTVNews,KOMPASTV,13600000,Indonesia,4500.0,44.0,13.0
Infobells Bangla,Infobells Bangla,13600000,,42300.0,162.0,0.0
Narins Beauty,Narins Beauty,13600000,Iraq,1900000.0,132000.0,10300.0
TV Ana Emilia,TV Ana Emilia,13600000,Mexico,187200.0,9100.0,337.0
jordanmatter,Jordan Matter,13600000,United States,4900000.0,80800.0,7800.0
OReinho,O Reino Infantil,13600000,,30100.0,239.0,0.0
FAPtivi,FAPTV,13600000,United States,2400000.0,41800.0,719.0
PrestonPlayz,PrestonPlayz,13600000,United States,1700000.0,41900.0,1700.0
lindseystomp,Lindsey Stirling,13500000,United States,373600.0,21500.0,1100.0
The World Adventures हिन्दी,The World Adventures हिन्दी,13500000,,9500.0,628.0,28.0
123 GO! Spanish,123 GO! Spanish,13500000,Mexico,212900.0,1900.0,55.0
bbcnews,BBC News,13500000,United States,120200.0,1700.0,891.0
disneyjunior,Disney Junior,13500000,,78200.0,238.0,0.0
Online Job,Online Job,13500000,India,5100.0,154.0,30.0
ETV Jabardasth,ETV Jabardasth,13500000,India,86200.0,1300.0,21.0
MyMissAnand,MyMissAnand,13400000,India,1200000.0,25800.0,0.0
AzzyLand,AzzyLand,13400000,United States,58300.0,4000.0,654.0
Ben Azelart,Ben Azelart,13400000,United States,4700000.0,118200.0,8400.0
Sony Music South,Sony Music South,13400000,India,17800.0,395.0,20.0
PowerfulJRE,PowerfulJRE,13400000,United States,1200000.0,22000.0,4800.0
iloveindianmakeup,Anaysa,13300000,India,935200.0,25700.0,560.0
H2ODelirious,H2ODelirious,13300000,United States,81400.0,4400.0,237.0
Desi Gamers,Desi Gamers,13300000,India,518900.0,76000.0,2300.0
Juliana Baltar,Juliana Baltar,13300000,Brazil,288400.0,12700.0,443.0
Zeinab Harake,Zeinab Harake,13300000,Philippines,1500000.0,80300.0,1300.0
StudyIQ IAS,StudyIQ IAS,13300000,India,13300.0,608.0,17.0
Narendra Modi,Narendra Modi,13300000,India,13600.0,783.0,64.0
TheQ_original,The Q,13200000,United States,243200.0,7700.0,446.0
theRadBrad,theRadBrad,13200000,United States,129000.0,7700.0,781.0
PozzitifonShow,Поззи,13200000,Russia,602700.0,22300.0,1500.0
skillzaisherebooya,Conor Maynard,13200000,United States,594100.0,30700.0,1200.0
NishaMadhulika,NishaMadhulika,13200000,India,210200.0,4000.0,621.0
LeoNata Family,LeoNata Family,13200000,United States,46200.0,226.0,8.0
tseriesregional,T-Series Regional,13200000,India,3900.0,68.0,8.0
The LaBrant Fam,The LaBrant Fam,13200000,United States,814700.0,25200.0,0.0
SaturdayNightLive,Saturday Night Live,13200000,United States,115500.0,4200.0,165.0
rebeccazamolo1,Rebecca Zamolo,13100000,United States,3000000.0,53100.0,3800.0
Alex Gonzaga Official,Alex Gonzaga Official,13100000,Philippines,2100000.0,64500.0,2300.0
jazzghost1,Jazzghost,13100000,Brazil,965400.0,55200.0,3000.0
djzoi0,Everson Zoio,13100000,Brazil,220700.0,29100.0,2500.0
zeetvtelugu,Zee Telugu,13000000,India,9000.0,124.0,2.0
أترو/Atro,أترو/Atro,13000000,Iraq,355500.0,56000.0,5200.0
BBC,BBC,13000000,United Kingdom,27200.0,685.0,22.0
MattSDance,Matt Steffanina,13000000,United States,99700.0,4700.0,96.0
JDCav24,ATHLEAN-X™,13000000,United States,210300.0,11400.0,1100.0
ماشا و الدب,ماشا و الدب,13000000,,683300.0,5800.0,0.0
typicalgamer,Typical Gamer,13000000,United States,275000.0,9200.0,396.0
redetv,RedeTV,13000000,Brazil,2000.0,54.0,2.0
Lady Diana,Lady Diana,13000000,Russia,2000000.0,55500.0,2400.0
Crescendo com Luluca,Crescendo com Luluca,13000000,Brazil,508700.0,31500.0,2300.0
O Que Não Dizer Oficial,O Que Não Dizer Oficial,13000000,Brazil,49200.0,5200.0,33.0
VexTrex,VexTrex,13000000,,60000.0,0.0,0.0
einerdtv,Ei Nerd,13000000,Brazil,286900.0,42300.0,1200.0
MstrJames,Hacksmith,12900000,United States,0.0,0.0,0.0
JOJO TV - Hindi Stories,JOJO TV - Hindi Stories,12900000,India,48100.0,306.0,0.0
karameeshchannel,karameeshchannel,12900000,Jordan,259100.0,1500.0,0.0
Brawl Stars,Brawl Stars,12900000,United States,15000000.0,422400.0,55100.0
JamunaTVbd,Jamuna TV,12900000,Bangladesh,21600.0,627.0,43.0
MrSuicideSheep,MrSuicideSheep,12900000,United States,55900.0,2600.0,59.0
Meghan Trainor,Meghan Trainor,12900000,United States,2100000.0,102000.0,550.0
Danny Fitt,Danny Fitt,12900000,Mexico,552000.0,16100.0,1400.0
DJ Khaled,DJ Khaled,12900000,United States,112200.0,7600.0,0.0
thinkmusicindia,Think Music India,12900000,India,243900.0,2000.0,48.0
BUDI01 GAMING,BUDI01 GAMING,12800000,Indonesia,272200.0,17700.0,2800.0
ComePlayWithMe,Come Play With Me,12800000,,1200000.0,0.0,0.0
MusicTalentNow,Top Viral Talent,12800000,United States,18900.0,322.0,10.0
GoldClassics,Goldmines Premiere,12800000,,17500.0,201.0,0.0
#Refúgio Mental,#Refúgio Mental,12800000,Brazil,142100.0,4900.0,52.0
gymvirtual,gymvirtual,12800000,Mexico,87000.0,3400.0,54.0
storybots,Netflix Jr.,12800000,,16800.0,105.0,0.0
zeebangla,Zee Bangla,12800000,India,5100.0,56.0,0.0
awakeningrecords,Awakening Music,12800000,Indonesia,14200.0,1500.0,45.0
BIBO와 장난감,BIBO와 장난감,12800000,,33300.0,0.0,0.0
KabitasKitchen,Kabita's Kitchen,12700000,India,152400.0,3200.0,353.0
sonyliv,Sony LIV,12700000,India,43800.0,181.0,7.0
Knowledge Tv हिन्दी,Knowledge Tv हिन्दी,12700000,India,43600.0,1600.0,63.0
Mythpat,Mythpat,12700000,India,2100000.0,187100.0,7600.0
PeppaPigPortuguesOficial,Peppa Pig em Português Brasil - Canal Oficial,12700000,,170900.0,1200.0,0.0
Health Time,Health Time,12700000,India,4900.0,191.0,8.0
Blockbuster Movies,Blockbuster Movies,12700000,India,29300.0,272.0,7.0
JesseAndMike,JesseAndMike,12700000,United States,173900.0,1500.0,521.0
DeGoBooM,DeGoBooM,12700000,Mexico,380000.0,12200.0,367.0
Blossom,Blossom,12700000,United States,12700.0,214.0,9.0
My Mate Nate,My Mate Nate,12700000,Thailand,1100000.0,43400.0,891.0
Mrwhosetheboss,Mrwhosetheboss,12600000,United States,3400000.0,152800.0,8500.0
gmanews,GMA News,12600000,Philippines,2500.0,27.0,5.0
Codiscos,Codiscos,12600000,,20800.0,189.0,9.0
kidstvindia,Kids TV India Hindi Nursery Rhymes,12600000,,112100.0,604.0,0.0
Melon City Show - برنامج ولاية بطيخ,Melon City Show - برنامج ولاية بطيخ,12600000,Iraq,217600.0,13700.0,183.0
RS1313Shorts,RS 1313 SHORTS,12600000,India,3800.0,50.0,6.0
AdexeOficial,Adexe & Nau,12600000,Mexico,23300.0,2400.0,147.0
TheDodoSite,The Dodo,12600000,United States,256200.0,13500.0,608.0
1032010814,TKOR,12600000,United States,40400.0,1200.0,74.0
Trakin Tech,Trakin Tech,12600000,India,325500.0,22700.0,1400.0
FIFATV,FIFA,12600000,United States,21200.0,1000.0,45.0
TheInfographicsShow,The Infographics Show,12600000,United States,307500.0,12700.0,661.0
caseyneistat,CaseyNeistat,12600000,United States,1400000.0,87400.0,5300.0
TastyCompot,Compot,12600000,Russia,1200000.0,48400.0,2100.0
KidsLineKOYA,KOYA with,12600000,,25800.0,63.0,0.0
Piuzinho,Piuzinho,12500000,Brazil,155900.0,25300.0,711.0
KapilComedyNights,Colors Rishtey,12500000,India,4000.0,36.0,2.0
parafernalha,Parafernalha,12500000,Brazil,46100.0,3700.0,34.0
Troom Troom India,Troom Troom India,12500000,India,171500.0,1500.0,32.0
geonews,Geo News,12500000,Pakistan,4800.0,60.0,6.0
htbhakti,Sonotek Bhakti,12500000,India,71400.0,870.0,49.0
E-MasterSensei,E-MasterSensei,12500000,Mexico,777300.0,38200.0,818.0
elliegoulding,elliegoulding,12500000,United States,16900.0,1100.0,49.0
RaptorGamer,RaptorGamer,12500000,Mexico,590500.0,32299.0,968.0
Vlad and Niki PRT,Vlad and Niki PRT,12500000,,524100.0,0.0,0.0
LOUD,LOUD,12500000,Brazil,163600.0,11800.0,205.0
TV9 Bharatvarsh,TV9 Bharatvarsh,12500000,India,2100.0,39.0,2.0
TalkingAngelaCat,Talking Angela,12500000,United States,34100.0,267.0,0.0
TechnologyGyan,Technology Gyan,12500000,India,887600.0,56500.0,2100.0
Yudist Ardhana,Yudist Ardhana,12500000,Indonesia,226400.0,5100.0,311.0
TroomTroom_Pt,Troom Troom PT,12500000,Brazil,116800.0,1600.0,47.0
Gibby :),Gibby :),12400000,Mexico,52100.0,3600.0,307.0
LittleBabyBumEspanol,Little Baby Bum en Español,12400000,,12600.0,42.0,0.0
React,People Vs Food,12400000,United States,372500.0,15400.0,916.0
Indore Physical Academy,Indore Physical Academy,12400000,India,38300.0,2600.0,140.0
officialfuturevideos,Future,12400000,United States,1600000.0,80500.0,2500.0
HZHtube Kids Fun,HZHtube Kids Fun,12400000,,75100.0,377.0,0.0
JustForLaughsTV,Just For Laughs Gags,12400000,United States,33000.0,619.0,20.0
Americanvogue,Vogue,12400000,United States,662400.0,10400.0,234.0
officialjassrecords,Jass Records,12400000,India,146700.0,2500.0,139.0
DisneyChannelUK,DisneyChannelUK,12400000,,22700.0,542.0,0.0
user-ik9wu8di9o,WiederDude,12300000,United States,4500000.0,13200.0,436.0
ndtv,NDTV,12300000,India,2100.0,17.0,7.0
Más SKabeche,Más SKabeche,12300000,Mexico,1100000.0,48000.0,728.0
Republic Bharat,Republic Bharat,12300000,India,3100.0,0.0,5.0
Rauw Alejandro,Rauw Alejandro,12300000,Peru,838700.0,25100.0,1200.0
CHHOTU KI MASTI,CHHOTU KI MASTI,12300000,India,1200000.0,11500.0,153.0
Луномосик,Луномосик,12300000,Russia,2600000.0,49200.0,2100.0
Bela Bagunça,Bela Bagunça,12300000,Brazil,148900.0,4800.0,224.0
WaveMusicBhakti,Wave Music Bhakti,12200000,,5000.0,93.0,8.0
N1Noobtubers,웃웃TwinsFromRussia,12200000,United States,46900.0,2100.0,9.0
Akon,Akon,12200000,Brazil,135000.0,9800.0,563.0
BanderitaX,BanderitaX,12200000,Saudi Arabia,611600.0,55300.0,2300.0
dednahype,dednahype,12200000,United States,35400.0,262.0,17.0
TheDaniRep,DaniRep | +6 Vídeos Diarios De GTA 5 Online!,12200000,Mexico,60300.0,6600.0,26.0
lucygerardi43,Luli Pampín,12200000,,1500000.0,4100.0,0.0
AvrilLavigne,Avril Lavigne,12200000,United States,134900.0,8800.0,459.0
Troom Troom Indonesia,Troom Troom Indonesia,12200000,Indonesia,101200.0,877.0,42.0
Panda.,Panda,12100000,India,379700.0,36700.0,897.0
IceCreamRolls,Ice Cream Rolls,12100000,United States,52900.0,1500.0,103.0
YairAuriazul,Yair17,12100000,Mexico,290600.0,23900.0,393.0
123 GO!,123 GO!,12100000,United States,309300.0,2200.0,76.0
Planet Earth INDIA,Planet Earth INDIA,12100000,India,776800.0,4400.0,230.0
Lulu99,Lulu99,12100000,Colombia,744800.0,34200.0,2300.0
YoungBoy Never Broke Again,YoungBoy Never Broke Again,12100000,United States,780600.0,37900.0,3300.0
MrTimbaVk,Timba Vk,12100000,Mexico,1300000.0,40600.0,743.0
Влад и Никита,Влад и Никита,12000000,,557000.0,2600.0,0.0
TiempodeSol,Duo Tiempo De Sol,12000000,,67200.0,388.0,0.0
infobellskannada,infobells - Kannada,12000000,,167100.0,711.0,0.0
colinfurze,colinfurze,12000000,United States,466600.0,15000.0,421.0
Natti Natasha,Natti Natasha,12000000,United States,24400.0,2100.0,35.0
emma chamberlain,emma chamberlain,12000000,United States,2400000.0,156000.0,4800.0
Nat and Essie,Nat and Essie,12000000,United States,42200.0,1000.0,4.0
Mor Haryanvi,Mor Haryanvi,12000000,India,2500000.0,41200.0,15600.0
eltreceok,El Trece,11900000,,3200.0,27.0,6.0
TsMadaan,TsMadaan,11900000,India,11000.0,446.0,46.0
KaKa Kids TV - Nursery Rhymes Kids Animated Songs,KaKa Kids TV - Nursery Rhymes Kids Animated Songs,11900000,,1500.0,8.0,0.0
CNCO,CNCO,11900000,Mexico,68400.0,10800.0,808.0
Koo Koo TV - Hindi,Koo Koo TV - Hindi,11900000,India,131300.0,1300.0,25.0
Kluna Tik,Kluna Tik,11900000,United States,99600.0,1600.0,162.0
blackeyedpeasvideo,Black Eyed Peas,11900000,United States,81000.0,2900.0,116.0
elrubius,Rubius Z,11900000,Mexico,1100000.0,91900.0,1400.0
Hero Movies 2022,Hero Movies 2022,11800000,India,54000.0,422.0,7.0
MBCMASR,MBC مصر,11800000,Egypt,6900.0,61.0,4.0
EU FICO LOKO,EU FICO LOKO,11800000,Brazil,8300.0,853.0,34.0
MrGear,MrGear,11800000,United States,8600.0,191.0,28.0
TTfue,Tfue,11800000,United States,116500.0,5100.0,150.0
MC Divertida,MC Divertida,11800000,,201900.0,1500.0,0.0
FirstWeFeast,First We Feast,11800000,United States,122000.0,6000.0,262.0
MORGENSHTERN,MORGENSHTERN,11800000,Russia,1500000.0,145500.0,7200.0
QuantumTech,Quantum Tech HD,11800000,United States,3000000.0,8600.0,178.0
Heidi y Zidane,Heidi y Zidane,11800000,,181400.0,890.0,0.0
prantoniojunior,Pastor Antônio Júnior,11800000,Brazil,335100.0,61900.0,6200.0
Free Fire India Official,Free Fire India Official,11800000,India,44700.0,4400.0,279.0
PinkVideoVault,P!NK,11800000,United States,52100.0,5200.0,174.0
SBTonline,SBT,11800000,Brazil,2800.0,167.0,3.0
MashaBearUkraine,Маша та Ведмідь,11800000,,195700.0,868.0,0.0
Acenix,Acenix,11800000,Mexico,987100.0,69900.0,646.0
GoldminesAction,GoldminesAction,11800000,,9100.0,123.0,0.0
FrontaL Gaming,FrontaL Gaming,11800000,,105800.0,7800.0,462.0
WildNOut,Wild 'N Out,11700000,United States,197600.0,4500.0,186.0
Garena Free Fire LATAM,Garena Free Fire LATAM,11700000,Mexico,21600.0,1800.0,144.0
francoescamilla,Franco Escamilla,11700000,Mexico,203700.0,13900.0,194.0
penguinz0,penguinz0,11700000,United States,1900000.0,92700.0,6300.0
Diana and Roma IND,Diana and Roma IND,11700000,,221800.0,853.0,0.0
hawkrecord,Single Track Studio,11700000,India,0.0,0.0,0.0
Pari's Lifestyle,Pari's Lifestyle,11700000,India,697600.0,6900.0,202.0
TWO SIDE GAMERS,TWO SIDE GAMERS,11700000,India,407700.0,31700.0,1500.0
bharatzkitchen HINDI,bharatzkitchen HINDI,11700000,India,408800.0,10000.0,267.0
AlArabiya,AlArabiya العربية,11700000,Algeria,1800.0,21.0,4.0
الجانب المُشرق | Bright Side Arabic,الجانب المُشرق | Bright Side Arabic,11700000,Egypt,18000.0,382.0,22.0
YMWayneCarter,Lil Wayne,11700000,United States,104600.0,6600.0,463.0
CrazyRussianHacker,CrazyRussianHacker,11700000,United States,52500.0,1600.0,80.0
FlowersComedy,Flowers Comedy,11700000,India,164800.0,1700.0,167.0
FelipeViktor,LipaoGamer,11600000,Brazil,113600.0,6800.0,116.0
Lofi Girl,Lofi Girl,11600000,United States,43400.0,1900.0,88.0
Biperysusamigos,Biper y sus Amigos,11600000,,351700.0,0.0,0.0
pocoyotv,POCOYÓ en ESPAÑOL - Canal Oficial,11600000,,122900.0,433.0,0.0
Jaiden Animations,Jaiden Animations,11600000,United States,3600000.0,288000.0,13400.0
realannoyingorange,Annoying Orange,11600000,United States,143000.0,2900.0,556.0
BBCEarth,BBC Earth,11600000,United States,42800.0,1800.0,44.0
kendricklamar5461,Kendrick Lamar,11600000,United States,8000000.0,413100.0,15100.0
Morgz,Morgz,11500000,,229700.0,6400.0,1200.0
CarryisLive,CarryisLive,11500000,India,507700.0,53500.0,1700.0
VyQwaint,Vy Qwaint,11500000,United States,1600000.0,27100.0,4200.0
ExpCaseros,ExpCaseros,11500000,Spain,36000.0,1200.0,79.0
TheViralFeverVideos,The Viral Fever,11500000,India,1800000.0,83900.0,2700.0
Flamingo,Flamingo,11500000,United States,1400000.0,48000.0,5000.0
toysplay,ToysPlay,11500000,,134200.0,543.0,0.0
FilmTheorists,The Film Theorists,11400000,United States,1200000.0,79200.0,4700.0
crackrockcandy,Maymo,11400000,United States,89000.0,479.0,82.0
hoiitsroi,Wassabi,11400000,United States,75700.0,4500.0,132.0
Star Casablanca | نجوم الدار البيضاء,Star Casablanca | نجوم الدار البيضاء,11400000,Iraq,23300.0,1300.0,134.0
UnspeakableGaming,UnspeakableReacts,11400000,United States,322000.0,6700.0,405.0
Taylor RS,Taylor RS,11400000,United States,95600.0,611.0,11.0
epicfortnite,Fortnite,11400000,United States,177000.0,9000.0,377.0
قناة وناسة -  Wanasah TV,قناة وناسة -  Wanasah TV,11400000,,1500000.0,10700.0,0.0
watchcut,Cut,11400000,United States,427800.0,12300.0,578.0
oyabakatousan,"Sen, Momo, Ai & Shii's Channel",11400000,Japan,68300.0,938.0,0.0
CaptainSparklez,CaptainSparklez,11400000,United States,117000.0,10600.0,456.0
ElRinconDeGiorgio,El Rincón De Giorgio,11400000,Spain,950600.0,134400.0,2300.0
mylifeaseva,MyLifeAsEva,11400000,United States,59000.0,3100.0,277.0
zeetamil,Zee Tamil,11400000,India,10000.0,135.0,1.0
InsideEdition,Inside Edition,11400000,United States,104800.0,2200.0,396.0
luzugames,luzugames,11300000,Mexico,154700.0,14900.0,505.0
NirahuaMusic,Nirahua Music World,11300000,India,271700.0,5200.0,134.0
BakLol Video,BakLol Video,11300000,India,526100.0,8600.0,609.0
Avocado Couple I Crazy Comics,Avocado Couple I Crazy Comics,11300000,United States,144700.0,1200.0,40.0
Virgínia Fonseca,Virgínia Fonseca,11300000,Brazil,1000000.0,77100.0,1600.0
brancoala,Brancoala,11300000,Brazil,384900.0,8100.0,274.0
ArynewsTvofficial,ARY News,11300000,Pakistan,13400.0,249.0,15.0
Ya - Alisa,Ya - Alisa,11300000,,1800.0,10.0,0.0
korayzeynep0,Koray Zeynep,11300000,Turkey,11500.0,52.0,2.0
MagicFive5,Magic Five,11300000,Russia,683600.0,28400.0,3700.0
RachitRojha,Rachit Rojha,11300000,India,1700000.0,30400.0,1500.0
aljazeerachannel,AlJazeera Arabic  قناة الجزيرة,11300000,Morocco,8700.0,124.0,26.0
MrGustavoParodias,Gustavo Paródias,11300000,Brazil,178700.0,5800.0,129.0
sagahits,SagaHits,11300000,India,17600.0,837.0,102.0
comedycentral,Comedy Central,11200000,United States,24600.0,895.0,51.0
RapGeniusVideo,Genius,11200000,United States,23200.0,1000.0,136.0
Oum Walid,Oum Walid,11200000,Algeria,266000.0,16800.0,1100.0
Morphle TV,Morphle TV,11200000,,50400.0,252.0,0.0
SEVENGERS,SEVENGERS,11200000,India,0.0,0.0,0.0
Stray Kids,Stray Kids,11200000,United States,657100.0,100000.0,3700.0
mrplotvideos,Mundo Bita,11200000,,217900.0,1200.0,0.0
OGGY,OGGY,11200000,,212200.0,2000.0,0.0
LikeTeamEnglish,LIKE! English,11200000,India,0.0,0.0,0.0
DemolitionRanch,DemolitionRanch,11200000,United States,982600.0,50100.0,5700.0
doctruyencotich,Kênh Thiếu Nhi - BHMEDIA,11200000,United States,17100.0,52.0,0.0
chotoonz,Chotoonz TV - Funny Cartoons for Kids,11200000,,39900.0,0.0,0.0
Barbie,Barbie,11100000,,25800.0,213.0,0.0
JessicaJane99,Jessica Jane,11100000,Indonesia,1800000.0,80400.0,3600.0
dobrebrothers,Dobre Brothers,11100000,United States,365300.0,12900.0,603.0
oyuncakoynuyorumtv,OYUNCAKOYNUYORUM,11100000,,112800.0,356.0,0.0
viihtubeoficial,Viih Tube,11100000,Brazil,448100.0,20100.0,406.0
telugufilmnagar,Telugu Filmnagar,11100000,India,2700.0,34.0,1.0
설기양SULGI,설기양SULGI,11100000,United States,687600.0,13400.0,488.0
zeeqindia,Zee Kids,11100000,,62300.0,1100.0,0.0
SanjoyDasOfficial,Sanjoy Das Official,11100000,India,11500.0,1800.0,155.0
BeAmazed,BE AMAZED,11100000,United States,399900.0,9800.0,619.0
GamesEduUu,Games EduUu,11100000,Brazil,1200000.0,165900.0,3900.0
Lycoman Facts,Lycoman Facts,11100000,India,2000000.0,0.0,221.0
NEXT9NEWS हर खबर आप तक,NEXT9NEWS हर खबर आप तक,11100000,India,2900.0,19.0,1.0
NASA,NASA,11100000,United States,92600.0,3800.0,0.0
Painzeiro,Painzeiro,11100000,Brazil,228100.0,10700.0,428.0
hasanjr11,hasanjr11,11100000,Indonesia,831400.0,10400.0,1500.0
historychannel,HISTORY,11100000,United States,100100.0,2000.0,228.0
jpgameplayfull,JP Plays,11100000,Brazil,50900.0,2500.0,104.0
RDCGujarati,RDC Gujarati,11100000,India,10500.0,370.0,15.0
BIBO и Игрушки,BIBO и Игрушки,11000000,,50500.0,0.0,0.0
ctctv,СТС,11000000,Russia,101100.0,1100.0,47.0
Levinho,Levinho,11000000,India,218800.0,15400.0,740.0
pinkfongko,핑크퐁 (인기 동요・동화),11000000,Algeria,16800.0,469.0,0.0
ExplosmEntertainment,ExplosmEntertainment,11000000,United States,131200.0,11100.0,157.0
XHuevaX,Hueva,11000000,Mexico,113200.0,4300.0,234.0
Pen Multiplex,Pen Multiplex,11000000,India,4200.0,27.0,1.0
Slogomanify,Slogo,11000000,United States,280000.0,10700.0,466.0
Ryan Trahan,Ryan Trahan,11000000,United States,9900000.0,944500.0,25100.0
Vox,Vox,11000000,United States,297100.0,7600.0,371.0
Peppa Pig Hindi,Peppa Pig Hindi,11000000,,244500.0,1800.0,0.0
HikakinTV,HikakinTV,11000000,Japan,1200000.0,31800.0,1700.0
Milena Stepanienco - MILENINHA,Milena Stepanienco - MILENINHA,11000000,Brazil,122300.0,1100.0,0.0
rathorvideo,Rathore Cassettes,11000000,India,5000.0,56.0,5.0
OfficiallyAnneMarie,Anne-Marie,11000000,India,32700.0,3400.0,71.0
Juanpa Zurita,Juanpa Zurita,10900000,Mexico,1000000.0,60300.0,1500.0
videogyan,Videogyan Nursery Rhymes - Kids Songs & Cartoons,10900000,,158200.0,540.0,0.0
5-Minute Crafts LIKE,5-Minute Crafts LIKE,10900000,India,6800.0,56.0,2.0
GolemcitoGames,Golemcito Games,10900000,Peru,593700.0,63800.0,1500.0
TroomTroom_Arabic,Troom Troom Arabic,10900000,Egypt,314000.0,3800.0,114.0
WAMIndiaMovies,Wamindia Movies,10900000,India,24600.0,247.0,4.0
THE BROWN SIBLINGS,THE BROWN SIBLINGS,10900000,India,2300000.0,201900.0,323.0
KiKiDo,KiKiDo,10900000,Russia,2400000.0,42000.0,2500.0
woodyandkleiny,Woody & Kleiny,10900000,United States,26500.0,1700.0,126.0
Área Secreta,Área Secreta,10900000,Brazil,155600.0,20800.0,613.0
sadhguru,Sadhguru,10900000,India,129800.0,5200.0,216.0
mamilosmolengas,Mussoumano,10900000,Brazil,1800000.0,79900.0,6100.0
CasoCerrado,Caso Cerrado,10800000,Mexico,405200.0,3200.0,112.0
Experienced Mojaraba TV,Experienced Mojaraba TV,10800000,United States,34400.0,890.0,22.0
GIMS,GIMS,10800000,France,1200000.0,49100.0,2100.0
Joe HaTTab,Joe HaTTab,10800000,Somalia,2700000.0,162700.0,5800.0
Goldmines Housefull,Goldmines Housefull,10800000,,9100.0,0.0,0.0
mirandasings08,Miranda Sings,10800000,United States,115800.0,9400.0,573.0
redbull,Red Bull,10800000,United States,35000.0,2000.0,25.0
ChuChuTV Hindi,ChuChuTV Hindi,10800000,,156300.0,1000.0,0.0
timesmusicindia,Times Music,10800000,India,6600.0,235.0,14.0
DentalDigest,Dental Digest,10800000,United States,638100.0,8200.0,482.0
DRJRecordsSpecials,DRJ Records Specials,10800000,India,32100.0,128.0,3.0
ComedyShortsGamer,Deji,10800000,United Kingdom,1200000.0,48100.0,2500.0
PinaRecordsVideos,Pina Records,10800000,Peru,1300000.0,41500.0,9100.0
WarnerBrosPictures,Warner Bros. Pictures,10800000,United States,105800.0,4300.0,434.0
Google,Google,10800000,United States,28500.0,623.0,0.0
DuDuPopTOY,DuDuPopTOY,10800000,,8600.0,58.0,0.0
Kids smile TV,Kids smile TV,10800000,,105000.0,509.0,0.0
MUSATANVEER,Entertainment with Musa,10700000,Pakistan,169300.0,1200.0,49.0
Primitive Technology,Primitive Technology,10700000,United States,1200000.0,73900.0,3000.0
TikTak Draw,TikTak Draw,10700000,Mexico,72700.0,4300.0,321.0
Talent Recap,Talent Recap,10700000,United States,57900.0,924.0,64.0
Airrack,Airrack,10700000,United States,4600000.0,344600.0,33100.0
[햄지]Hamzy,[햄지]Hamzy,10700000,United States,1700000.0,31900.0,866.0
stampylonghead,stampylonghead,10700000,United States,104300.0,4900.0,1100.0
Alexa Rivera,Alexa Rivera,10700000,United States,2000000.0,86100.0,3400.0
Utkarsh Classes Jodhpur,Utkarsh Classes Jodhpur,10700000,India,109000.0,8500.0,371.0
user-eg5ud6ut6s,Vlad y Nikita Show,10700000,,246300.0,1000.0,0.0
soicon295,Magnet World,10600000,United States,302400.0,1300.0,28.0
Hindi Fairy Tales,Hindi Fairy Tales,10600000,India,580700.0,7800.0,185.0
PrankvsPrank,Jesse,10600000,United States,106700.0,7300.0,1100.0
Family Box,Family Box,10600000,Russia,247200.0,7800.0,95.0
sbtthenoite,The Noite com Danilo Gentili,10600000,Brazil,4500.0,421.0,17.0
craftingeek,Craftingeek,10600000,Mexico,231300.0,11100.0,1100.0
Pinkfong en español - Canciones Infantiles,Pinkfong en español - Canciones Infantiles,10600000,,46700.0,153.0,0.0
francinyehlke,Franciny Ehlke,10600000,Brazil,208400.0,19700.0,396.0
AdamThomasMoran,AdamThomasMoran,10600000,Russia,488000.0,38800.0,2500.0
GoProCamera,GoPro,10600000,United States,35400.0,1700.0,53.0
ChillStepNation,Chill Nation,10600000,United States,21100.0,680.0,27.0
MTV,MTV,10600000,United States,18500.0,992.0,23.0
Toymong tv 토이몽TV,Toymong tv 토이몽TV,10600000,,24900.0,195.0,0.0
bbcarabic,BBC News عربي,10600000,Morocco,21200.0,389.0,70.0
atv,atv,10600000,Turkey,28900.0,295.0,10.0
TeremokTV,Теремок ТВ,10600000,,281700.0,1100.0,0.0
TeamMojang,Minecraft,10600000,United States,659800.0,37500.0,1400.0
Comedy Captain,Comedy Captain,10600000,India,6000.0,62.0,2.0
Eli Kids - Cartoons & Songs,Eli Kids - Cartoons & Songs,10600000,,1000000.0,3200.0,0.0
CJENMMUSIC,Stone Music Entertainment,10600000,United States,5800.0,448.0,19.0
Behindwoodstv,BehindwoodsTV,10600000,,50100.0,1200.0,51.0
Rawan and Rayan,Rawan and Rayan,10500000,Algeria,0.0,0.0,0.0
Cris Devil Gamer,Cris Devil Gamer,10500000,United States,260300.0,8100.0,212.0
GeorgeNotFound,GeorgeNotFound,10500000,United States,1700000.0,137600.0,6600.0
GemaNadaPertiwi,GNP Music,10500000,Indonesia,40500.0,187.0,0.0
Hindi Kahaniya,Hindi Kahaniya,10500000,India,42500.0,629.0,26.0
CS Bisht Vines,CS Bisht Vines,10500000,India,2000000.0,19300.0,426.0
williesalim,Willie Salim,10500000,Indonesia,1000000.0,18300.0,3400.0
Farjana Drawing Academy,Farjana Drawing Academy,10500000,India,71000.0,2100.0,373.0
Heroine Movies 2022,Heroine Movies 2022,10500000,India,136700.0,820.0,9.0
MTflims,Tanner Fox,10500000,,397500.0,18200.0,1400.0
VikiShow,Viki Show,10500000,Russia,1900000.0,58000.0,2500.0
ReceitasdePai,Receitas de Pai,10500000,Brazil,80000.0,10700.0,311.0
Doctor Mike,Doctor Mike,10500000,United States,1800000.0,65400.0,2900.0
Lorrayne Oliveira,Lorrayne Oliveira,10500000,Brazil,454200.0,20800.0,673.0
Oneindia Hindi | वनइंडिया हिंदी,Oneindia Hindi | वनइंडिया हिंदी,10500000,India,1500.0,17.0,1.0
singkingkaraoke,Sing King,10500000,United States,10400.0,104.0,9.0
LittleAngelIndonesia,Little Angel Bahasa Indonesia - Lagu Anak,10500000,,248400.0,1300.0,0.0
Adriana Show,Adriana Show,10400000,,298200.0,0.0,0.0
PattymayoTv,Patty Mayo,10400000,United States,512799.0,13900.0,674.0
BrPVPHu3,João Caetano,10400000,Brazil,626300.0,45600.0,966.0
5-Minute Recipes,5-Minute Recipes,10400000,India,44000.0,331.0,7.0
Playing with Rafael,Playing with Rafael,10400000,Brazil,10900.0,52.0,0.0
bhaktisongs,Shemaroo Bhakti,10400000,India,7100.0,164.0,11.0
TwinRoozi 쌍둥이 루지,TwinRoozi 쌍둥이 루지,10400000,Indonesia,74600.0,0.0,0.0
"Baby Big Mouth Kids - Sing, Dance, Explore","Baby Big Mouth Kids - Sing, Dance, Explore",10400000,,528.0,4.0,0.0
SaraBeautyCorner,"SaraBeautyCorner - DIY, Comedy, Makeup, Nail Art",10400000,United States,36200.0,2800.0,93.0
TomorrowlandChannel,Tomorrowland,10400000,Brazil,47600.0,1700.0,82.0
EugenBro,EugenBro,10400000,Russia,258000.0,15100.0,1900.0
HiTechIslamic,Hi-Tech Islamic Naat,10400000,Pakistan,95100.0,1100.0,77.0
서은일상이야기,서은일상이야기,10400000,,17600.0,107.0,0.0
XO TEAM,XO TEAM,10400000,United States,617900.0,38600.0,264.0
TeremokSongs,Теремок - Песенки для детей,10400000,Russia,98700.0,499.0,0.0
AsapSCIENCE,AsapSCIENCE,10400000,United States,149000.0,6800.0,338.0
Jugnu Kids - Nursery Rhymes and Best Baby Songs,Jugnu Kids - Nursery Rhymes and Best Baby Songs,10400000,,161200.0,1300.0,0.0
The Daily Show with Trevor Noah,The Daily Show with Trevor Noah,10400000,United States,185900.0,7000.0,402.0
SpriteDer SPD,SpriteDer SPD,10400000,Thailand,4300000.0,152900.0,5600.0
0214mex,はじめしゃちょー（hajime）,10400000,Japan,592200.0,18500.0,1100.0
VYRLOriginals,VYRLOriginals,10400000,India,7300000.0,34000.0,3300.0
PrimeVideoIN,Prime Video India,10400000,India,77300.0,387.0,25.0
HeeraGoldOfficial,Heera Gold,10300000,Pakistan,18900.0,791.0,94.0
cleanbandit,Clean Bandit,10300000,United States,76500.0,3500.0,147.0
Survival Builder,Survival Builder,10300000,United States,49900.0,1500.0,112.0
Hindi Countdown,Hindi Countdown,10300000,India,1800000.0,35800.0,811.0
Sanam,Sanam,10300000,India,58700.0,6300.0,293.0
Salman Noman,Salman Noman,10300000,India,0.0,0.0,0.0
TopMovieClips,TopMovieClips,10300000,United States,124500.0,2100.0,140.0
SiaVEVO,SiaVEVO,10300000,United States,58400.0,3700.0,405.0
Islam Populer,Islam Populer,10300000,Indonesia,25900.0,854.0,63.0
topperguild,Topper Guild,10300000,United States,288900.0,5900.0,680.0
AnandAudio,Anand Audio,10300000,India,175500.0,2200.0,109.0
Wylsacom,Wylsacom,10300000,Russia,291700.0,13000.0,950.0
SONU SHARMA,SONU SHARMA,10300000,India,483200.0,28700.0,1000.0
nikhirschi,Supercar Blondie,10300000,United States,232700.0,6800.0,654.0
JessicaJulioeBaby,Laurinha e Helena - Clubinho da Laura,10300000,Brazil,83500.0,1400.0,0.0
T-STUDIO,T-STUDIO,10300000,Indonesia,8100.0,1000.0,0.0
ThePersica,Orkun Işıtmak,10300000,Turkey,2100000.0,83700.0,2700.0
123 GO! Hindi,123 GO! Hindi,10200000,India,234100.0,1700.0,20.0
DalasReview,Dalas Review,10200000,Mexico,305700.0,30900.0,4600.0
nhstudioz,NH Studioz,10200000,India,10600.0,71.0,2.0
NFL,NFL,10200000,United States,24500.0,635.0,78.0
ChuChuTV Español,ChuChuTV Español,10200000,,51400.0,358.0,0.0
Sơn Tùng M-TP Official,Sơn Tùng M-TP Official,10200000,United States,100900.0,7700.0,108.0
htv2channel,Vie Channel - HTV2,10200000,United States,40200.0,475.0,58.0
Luan Palomera,Luan Palomera,10200000,Mexico,118500.0,7100.0,369.0
Roshan Zindagi,Roshan Zindagi,10200000,India,21200.0,652.0,15.0
Eagle Home Entertainments,Eagle Home Entertainments,10200000,India,724.0,3.0,0.0
مصطفى GAME OVER,مصطفى GAME OVER,10100000,Iraq,564400.0,64500.0,2700.0
GadgetIn,GadgetIn,10100000,Indonesia,1200000.0,28200.0,3500.0
RUOK,RUOK,10100000,Brazil,215400.0,25200.0,1300.0
Sabkuchhsikhojano,Sab Kuchh Sekho Jano,10100000,India,11800.0,1200.0,72.0
Harpreet SDC,Harpreet SDC,10100000,India,36100.0,1300.0,49.0
FoxNewsChannel,Fox News,10100000,United States,98400.0,4000.0,884.0
Santa Fe Klan Official,Santa Fe Klan Official,10100000,Mexico,0.0,0.0,0.0
Boram Tube Show,Boram Tube Show,10100000,,14800.0,95.0,0.0
Diana and Roma PRT,Diana and Roma PRT,10100000,,403600.0,1300.0,0.0
SULE PRODUCTIONS,SULE PRODUCTIONS,10100000,Indonesia,101500.0,2500.0,292.0
Dynamo Gaming,Dynamo Gaming,10100000,India,112400.0,17800.0,677.0
one_Iraqi_Diary,يوميات واحد عراقي | One Iraqi Diary,10100000,Iraq,2900000.0,245500.0,17200.0
ClassicMrBean,Classic Mr Bean,10100000,India,48300.0,624.0,23.0
Anupam Movie Songs,Anupam Movie Songs,10100000,Bangladesh,41200.0,315.0,18.0
AnandAudio,Anand Audio,10300000,India,175500.0,2200.0,109.0
Wylsacom,Wylsacom,10300000,Russia,291700.0,13000.0,950.0
Eagle Home Entertainments,Eagle Home Entertainments,10200000,India,724.0,3.0,0.0
